year,IdealPointFP,ccode
1995,3.081775,2
1996,3.020177,2
1997,3.034633,2
1998,2.791758,2
1999,2.611502,2
2000,2.586393,2
2001,2.574176,2
2002,2.65728,2
2003,2.779332,2
2004,2.70108,2
2005,2.748273,2
2006,2.695772,2
2007,2.682045,2
2008,2.60564,2
2009,2.395813,2
2010,2.400529,2
2011,2.429,2
2012,2.406581,2
2013,2.511044,2
2014,2.477007,2
2015,2.446909,2
2016,2.428575,2
2017,2.547005,2
2018,2.694519,2
2019,2.572579,2
2020,2.565233,2
2021,2.551425,2
2022,2.196091,2
2023,2.264812,2
2024,2.097452,2
1995,1.444287,20
1996,1.314466,20
1997,1.143622,20
1998,1.176312,20
1999,1.156441,20
2000,1.110704,20
2001,1.157405,20
2002,1.189068,20
2003,1.124765,20
2004,1.219056,20
2005,1.303682,20
2006,1.386863,20
2007,1.516854,20
2008,1.445291,20
2009,1.495512,20
2010,1.449053,20
2011,1.80961,20
2012,1.857196,20
2013,1.811535,20
2014,1.75998,20
2015,1.733261,20
2016,1.5428,20
2017,1.408472,20
2018,1.339178,20
2019,1.234205,20
2020,1.28809,20
2021,1.280577,20
2022,1.275667,20
2023,1.163243,20
2024,1.060215,20
1995,0.2780582,31
1996,0.05457559,31
1997,-0.1455221,31
1998,-0.164619,31
1999,-0.1439845,31
2000,-0.2841987,31
2001,-0.1762752,31
2002,-0.2923145,31
2003,-0.2758124,31
2004,-0.4369472,31
2005,-0.4704794,31
2006,-0.2460043,31
2007,-0.2665484,31
2008,-0.2927173,31
2009,-0.3896335,31
2010,-0.2740984,31
2011,-0.2920606,31
2012,-0.2634405,31
2013,-0.2692994,31
2014,-0.2880242,31
2015,-0.3310331,31
2016,-0.4383613,31
2017,-0.4637278,31
2018,-0.2417417,31
2019,-0.3092777,31
2020,-0.2575269,31
2021,-0.3952561,31
2022,-0.2701379,31
2023,-0.1141457,31
2024,-0.08941131,31
1995,-1.915406,40
1996,-2.001918,40
1997,-1.93933,40
1998,-1.532283,40
1999,-1.346267,40
2000,-1.070584,40
2001,-1.096928,40
2002,-0.9190957,40
2003,-1.313365,40
2004,-1.139539,40
2005,-1.268865,40
2006,-1.030566,40
2007,-1.183628,40
2008,-1.192952,40
2009,-1.444714,40
2010,-1.355554,40
2011,-1.70814,40
2012,-1.619152,40
2013,-1.591818,40
2014,-1.646788,40
2015,-1.708858,40
2016,-1.776817,40
2017,-1.773036,40
2018,-1.695047,40
2019,-1.569745,40
2020,-1.64135,40
2021,-1.685514,40
2022,-1.3521,40
2023,-1.047208,40
2024,-1.293402,40
1995,-0.2433168,41
1996,-0.1902447,41
1997,-0.2415033,41
1998,-0.4144547,41
1999,-0.3578004,41
2000,-0.3276283,41
2001,-0.4642343,41
2002,-0.8250926,41
2003,-0.6984856,41
2004,0.407233,41
2005,-0.07982696,41
2006,-0.1085281,41
2007,-0.5187396,41
2008,-0.2628846,41
2009,-0.3956381,41
2010,-0.5944859,41
2011,-0.1419232,41
2012,-0.3414011,41
2013,-0.3147848,41
2014,-0.259301,41
2015,-0.24259,41
2016,-0.2267441,41
2017,-0.2032177,41
2018,0.0972876,41
2019,0.2279734,41
2020,0.1297145,41
2021,-0.05815281,41
2022,-0.1410156,41
2023,-0.1831291,41
2024,-0.2087286,41
1995,-0.06740475,42
1996,-0.06740475,42
1997,-0.09255229,42
1998,-0.3492097,42
1999,-0.297793,42
2000,-0.228024,42
2001,-0.2355262,42
2002,-0.2544637,42
2003,0.0356103,42
2004,0.00655279,42
2005,0.05351031,42
2006,0.05071474,42
2007,-0.5046,42
2008,-0.4036712,42
2009,-0.4345697,42
2010,-0.506481,42
2011,-0.5116945,42
2012,-0.3967272,42
2013,-0.3606186,42
2014,-0.5095803,42
2015,-0.6403047,42
2016,-0.4280019,42
2017,-0.6242886,42
2018,-0.2361021,42
2019,-0.2719986,42
2020,-0.3651356,42
2021,-0.1678148,42
2022,-0.05521487,42
2023,-0.1357544,42
2024,-0.03307013,42
1995,-0.07197976,51
1996,-0.0986369,51
1997,-0.2352994,51
1998,-0.3087101,51
1999,-0.3262841,51
2000,-0.3130005,51
2001,-0.3738441,51
2002,-0.4814594,51
2003,-0.4960857,51
2004,-0.560957,51
2005,-0.5865564,51
2006,-0.4990072,51
2007,-0.6001151,51
2008,-0.6031135,51
2009,-0.3843808,51
2010,-0.4150597,51
2011,-0.379432,51
2012,-0.4750844,51
2013,-0.4111073,51
2014,-0.5245579,51
2015,-0.4529325,51
2016,-0.358423,51
2017,-0.4242168,51
2018,-0.3269084,51
2019,-0.4584364,51
2020,-0.4091499,51
2021,-0.3015839,51
2022,-0.2870902,51
2023,-0.2489901,51
2024,-0.08903752,51
1995,-0.2262469,52
1996,-0.1709859,52
1997,-0.232408,52
1998,-0.1942953,52
1999,-0.3052518,52
2000,-0.2224411,52
2001,-0.2294482,52
2002,-0.4019065,52
2003,-0.509021,52
2004,-0.508143,52
2005,-0.4930047,52
2006,-0.5372033,52
2007,-0.593364,52
2008,-0.495857,52
2009,-0.4837492,52
2010,-0.5170313,52
2011,-0.6000718,52
2012,-0.4894052,52
2013,-0.4335525,52
2014,-0.4735857,52
2015,-0.5314235,52
2016,-0.5245046,52
2017,-0.5999767,52
2018,-0.5321109,52
2019,-0.4136589,52
2020,-0.4624041,52
2021,-0.399737,52
2022,-0.4705795,52
2023,-0.4300878,52
2024,-0.3630975,52
1995,0.1394409,53
1996,0.07114823,53
1997,-0.2051278,53
1998,-0.1269707,53
1999,-0.2385515,53
2000,-0.284318,53
2001,-0.3865646,53
2002,-0.2757403,53
2003,-0.4331338,53
2004,-0.5605805,53
2005,-0.5854973,53
2006,-0.4935301,53
2007,-0.6029111,53
2008,-0.567682,53
2009,-0.5669504,53
2010,-0.508412,53
2011,-0.3898339,53
2012,-0.3551373,53
2013,-0.463281,53
2014,-0.410824,53
2015,-0.3949098,53
2016,-0.352111,53
2017,-0.3878821,53
2018,-0.3001428,53
2019,-0.2438252,53
2020,-0.2750996,53
2021,-0.2934024,53
2022,-0.2839432,53
2023,-0.2366259,53
2024,-0.1707879,53
1995,0.4247789,54
1996,-0.1619051,54
1997,-0.363259,54
1998,-0.3650759,54
1999,-0.3814068,54
2000,-0.1938868,54
2001,-0.3721377,54
2002,-0.6189915,54
2003,-0.617197,54
2004,-0.5600426,54
2005,-0.532871,54
2006,-0.5205203,54
2007,-0.5958239,54
2008,-0.621973,54
2009,-0.573793,54
2010,-0.5022704,54
2011,-0.62864,54
2012,-0.5764412,54
2013,-0.1998208,54
2014,-0.2765006,54
2015,-0.3453954,54
2016,-0.4025822,54
2017,-0.4987293,54
2018,-0.4234176,54
2019,-0.02984885,54
2020,-0.6188615,54
2021,-0.5064552,54
2022,-0.2992926,54
2023,-0.3017286,54
2024,-0.4049663,54
1995,0.2857,55
1996,0.03427855,55
1997,-0.3283618,55
1998,-0.1846163,55
1999,-0.2803215,55
2000,-0.2879779,55
2001,-0.281985,55
2002,-0.4031651,55
2003,-0.5446363,55
2004,0.2334452,55
2005,0.04763496,55
2006,-0.6092842,55
2007,-0.3395542,55
2008,-0.4602743,55
2009,-0.4721044,55
2010,-0.5619646,55
2011,-0.573823,55
2012,-0.449118,55
2013,-0.1924148,55
2014,-0.4747456,55
2015,-0.4823719,55
2016,-0.5012397,55
2017,-0.5003474,55
2018,-0.3774697,55
2019,-0.5499416,55
2020,-0.6455481,55
2021,-0.5754443,55
2022,-0.4176379,55
2023,-0.4042355,55
2024,-0.4672079,55
1995,-0.2484857,56
1996,-0.2244148,56
1997,-0.6700197,56
1998,-0.5471867,56
1999,-0.7546634,56
2000,-0.6745961,56
2001,-0.727599,56
2002,-0.8864665,56
2003,-0.7514034,56
2004,-0.59659,56
2005,-0.670726,56
2006,-0.7312666,56
2007,-0.6220055,56
2008,-0.3689306,56
2009,-0.262993,56
2010,-0.3156148,56
2011,-0.2331919,56
2012,-0.5566601,56
2013,-0.577513,56
2014,-0.6686812,56
2015,-0.6122299,56
2016,-0.4582645,56
2017,-0.423756,56
2018,-0.3946459,56
2019,-0.4125861,56
2020,-0.4435861,56
2021,-0.4329719,56
2022,-0.3340452,56
2023,-0.4237181,56
2024,-0.478116,56
1995,0.133292,57
1996,0.009008902,57
1997,-0.2511957,57
1998,-0.5920724,57
1999,-0.000543687,57
2000,-0.3145685,57
2001,-0.3163949,57
2002,0.1051642,57
2003,-0.004543409,57
2004,-0.2713959,57
2005,-0.2609536,57
2006,-0.6523321,57
2007,-0.6159335,57
2008,-0.6585046,57
2009,-0.5842269,57
2010,-0.673077,57
2011,-0.6100145,57
2012,-0.6495345,57
2013,-0.578167,57
2014,-0.6198639,57
2015,-0.5984889,57
2016,-0.5296346,57
2017,-0.5802159,57
2018,-0.5219889,57
2019,-0.6031117,57
2020,-0.54794,57
2021,-0.4452929,57
2022,-0.3995575,57
2023,-0.4329843,57
2024,-0.4420546,57
1995,0.2834425,58
1996,-0.1017025,58
1997,-0.3100159,58
1998,-0.3280316,58
1999,-0.4335818,58
2000,-0.5306447,58
2001,-0.6868172,58
2002,-0.4982074,58
2003,-0.4992143,58
2004,-0.4352928,58
2005,-0.553347,58
2006,-0.5023118,58
2007,-0.5979664,58
2008,-0.6090559,58
2009,-0.4242528,58
2010,-0.5413695,58
2011,-0.5160248,58
2012,-0.4872107,58
2013,-0.5672502,58
2014,-0.6356734,58
2015,-0.4849514,58
2016,-0.4924017,58
2017,-0.4274626,58
2018,-0.1606018,58
2019,-0.5263274,58
2020,-0.4908804,58
2021,-0.3661413,58
2022,-0.3499629,58
2023,-0.4142232,58
2024,-0.389192,58
1995,-0.1538763,60
1996,-0.1343635,60
1997,-0.5565491,60
1998,-0.4929698,60
1999,-0.6919916,60
2000,-0.6366053,60
2001,-0.4873337,60
2002,-0.6058944,60
2003,-0.3602281,60
2004,-0.5369073,60
2005,-0.2481663,60
2006,-0.5764574,60
2007,-0.6092036,60
2008,-0.5609915,60
2009,-0.430653,60
2010,-0.5166697,60
2011,-0.6370246,60
2012,-0.4537203,60
2013,-0.5116201,60
2014,-0.4597788,60
2015,-0.4923721,60
2016,-0.2832151,60
2017,-0.4344453,60
2018,-0.3343508,60
2019,-0.4104563,60
2020,-0.41193,60
2021,-0.5299586,60
2022,-0.4394499,60
2023,-0.3863618,60
2024,-0.3357649,60
1995,-0.4784029,70
1996,-0.3499798,70
1997,-0.3599929,70
1998,-0.6130874,70
1999,-0.4413512,70
2000,-0.4322157,70
2001,-0.5357806,70
2002,-0.3083966,70
2003,-0.2800977,70
2004,-0.1416665,70
2005,-0.08378715,70
2006,-0.1018652,70
2007,-0.1150498,70
2008,-0.1416315,70
2009,-0.1027486,70
2010,-0.02896484,70
2011,-0.08701707,70
2012,0.004672987,70
2013,-0.1572878,70
2014,-0.0787738,70
2015,-0.1554647,70
2016,-0.1102188,70
2017,0.04732376,70
2018,0.007331963,70
2019,-0.000676085,70
2020,-0.00384904,70
2021,-0.0406125,70
2022,-0.02674569,70
2023,-0.03087859,70
2024,-0.1447948,70
1995,0.09888105,80
1996,-0.05247554,80
1997,-0.1920156,80
1998,-0.4664352,80
1999,-0.372646,80
2000,-0.3177438,80
2001,-0.2536603,80
2002,-0.3701236,80
2003,-0.5451419,80
2004,-0.494962,80
2005,-0.4440642,80
2006,-0.4298733,80
2007,-0.3936738,80
2008,-0.2840422,80
2009,-0.3401577,80
2010,-0.4150805,80
2011,-0.3469495,80
2012,-0.4284595,80
2013,-0.4272829,80
2014,-0.3910178,80
2015,-0.3958314,80
2016,-0.2710495,80
2017,-0.4343894,80
2018,-0.2126993,80
2019,-0.2020036,80
2020,-0.3177798,80
2021,-0.3363443,80
2022,-0.3283958,80
2023,-0.3386647,80
2024,-0.2580483,80
1995,-0.2459569,90
1996,0.09208562,90
1997,-0.05111238,90
1998,0.003397019,90
1999,0.1185865,90
2000,0.07357518,90
2001,-0.01013306,90
2002,0.09201151,90
2003,0.1573292,90
2004,0.004226819,90
2005,0.05378191,90
2006,-0.08387517,90
2007,-0.1144526,90
2008,-0.1715791,90
2009,-0.1992155,90
2010,-0.139647,90
2011,-0.1996636,90
2012,-0.08709044,90
2013,-0.1320121,90
2014,-0.181579,90
2015,-0.2019021,90
2016,0.00722877,90
2017,0.06159703,90
2018,0.2337777,90
2019,0.09702099,90
2020,0.0813264,90
2021,-0.03207777,90
2022,0.1916616,90
2023,0.09942307,90
2024,0.1070704,90
1995,-0.1191317,91
1996,-0.07738774,91
1997,-0.1574257,91
1998,0.1247108,91
1999,-0.4750889,91
2000,-0.2760553,91
2001,-0.1998819,91
2002,-0.08811904,91
2003,0.2799116,91
2004,0.04844111,91
2005,0.08494369,91
2006,-0.06424023,91
2007,-0.1508426,91
2008,-0.1772196,91
2009,-0.2301725,91
2010,-0.1537664,91
2011,-0.04246749,91
2012,0.1081966,91
2013,-0.05477706,91
2014,0.03372781,91
2015,-0.04187523,91
2016,0.1014346,91
2017,0.09528018,91
2018,0.2059138,91
2019,0.1118607,91
2020,0.04732137,91
2021,0.000107876,91
2022,-0.07590501,91
2023,-0.2133788,91
2024,-0.1390768,91
1995,0.0487783,92
1996,-0.08589777,92
1997,-0.1938907,92
1998,-0.2388455,92
1999,-0.3055919,92
2000,-0.2231815,92
2001,-0.2960927,92
2002,-0.2250332,92
2003,0.0374662,92
2004,-0.09913611,92
2005,-0.07493939,92
2006,-0.2261369,92
2007,-0.2158187,92
2008,-0.08391413,92
2009,-0.1820872,92
2010,-0.1705194,92
2011,-0.009849708,92
2012,-0.03280929,92
2013,-0.3303596,92
2014,-0.4620722,92
2015,-0.4884285,92
2016,-0.4668548,92
2017,-0.4811745,92
2018,-0.440248,92
2019,-0.3279463,92
2020,-0.4044523,92
2021,-0.462576,92
2022,-0.5741311,92
2023,-0.2636119,92
2024,-0.2191081,92
1995,-0.0167028,93
1996,-0.08025331,93
1997,0.01802982,93
1998,0.1819967,93
1999,-0.03047666,93
2000,-0.08394466,93
2001,0.3262015,93
2002,-0.1042578,93
2003,0.03617138,93
2004,-0.01890842,93
2005,-0.04418648,93
2006,-0.07985994,93
2007,-0.6792813,93
2008,-0.8226155,93
2009,-1.05081,93
2010,-1.057587,93
2011,-1.420719,93
2012,-1.602872,93
2013,-1.471341,93
2014,-1.28927,93
2015,-1.488,93
2016,-1.377497,93
2017,-1.185201,93
2018,-1.524335,93
2019,-1.507083,93
2020,-1.55823,93
2021,-1.690862,93
2022,-1.452959,93
2023,-1.446592,93
2024,-1.548737,93
1995,-0.003617622,94
1996,-0.06721882,94
1997,-0.03847069,94
1998,-0.0992381,94
1999,-0.1918531,94
2000,-0.03177569,94
2001,-0.2448861,94
2002,-0.1462395,94
2003,0.08621502,94
2004,0.03154209,94
2005,0.02057458,94
2006,-0.2863435,94
2007,-0.1816655,94
2008,-0.1643851,94
2009,-0.1653385,94
2010,-0.2494273,94
2011,-0.1134686,94
2012,-0.1448588,94
2013,-0.1974675,94
2014,-0.1575844,94
2015,-0.2172636,94
2016,-0.1701884,94
2017,-0.203649,94
2018,-0.0792862,94
2019,-0.1190227,94
2020,-0.09186221,94
2021,-0.1279341,94
2022,-0.02759816,94
2023,-0.08757624,94
2024,0.05070565,94
1995,-0.03002511,95
1996,-0.2488568,95
1997,-0.3929749,95
1998,-0.2930882,95
1999,-0.2313705,95
2000,-0.3690129,95
2001,-0.2268226,95
2002,-0.2254973,95
2003,-0.3347592,95
2004,-0.2569552,95
2005,-0.2131292,95
2006,-0.1421122,95
2007,-0.1102303,95
2008,-0.07093089,95
2009,0.2141336,95
2010,0.2481712,95
2011,0.2324688,95
2012,0.2399989,95
2013,0.2049255,95
2014,0.05857554,95
2015,0.02817994,95
2016,-0.04121812,95
2017,-0.08681392,95
2018,0.03586842,95
2019,-0.06393686,95
2020,-0.0691563,95
2021,-0.1123963,95
2022,0.08130374,95
2023,0.002727731,95
2024,0.05295289,95
1995,-0.5342207,100
1996,-0.6193876,100
1997,-0.7074026,100
1998,-0.627432,100
1999,-0.3559663,100
2000,-0.2972883,100
2001,-0.2920874,100
2002,-0.2236108,100
2003,-0.2288772,100
2004,-0.4349756,100
2005,-0.4490059,100
2006,-0.2430468,100
2007,-0.1276602,100
2008,-0.1856013,100
2009,-0.1292951,100
2010,-0.1332737,100
2011,-0.04549324,100
2012,-0.05183184,100
2013,-0.08999054,100
2014,-0.1634619,100
2015,-0.1252381,100
2016,-0.175828,100
2017,-0.2044807,100
2018,-0.0828117,100
2019,0.05601263,100
2020,0.02824284,100
2021,-0.02797424,100
2022,-0.03610056,100
2023,-0.1916288,100
2024,-0.1935201,100
1995,-0.3202684,101
1996,-0.2266354,101
1997,-0.2559962,101
1998,-0.4116133,101
1999,-0.4744532,101
2000,-0.4672628,101
2001,-0.518454,101
2002,-0.5024368,101
2003,-0.4234262,101
2004,-0.9164546,101
2005,-1.084919,101
2006,-1.049738,101
2007,-1.033453,101
2008,-1.178062,101
2009,-1.187752,101
2010,-1.232267,101
2011,-1.795039,101
2012,-1.460058,101
2013,-1.439389,101
2014,-1.370989,101
2015,-1.537734,101
2016,-1.426001,101
2017,-1.442659,101
2018,-1.486843,101
2019,-1.650098,101
2020,-1.613718,101
2021,-1.775862,101
2022,-1.775862,101
2023,-1.775862,101
2024,-1.775862,101
1995,-0.3046414,110
1996,-0.3814233,110
1997,-0.3850404,110
1998,-0.4364612,110
1999,-0.3903299,110
2000,-0.4381003,110
2001,-0.4455136,110
2002,-0.510415,110
2003,-0.5723421,110
2004,-0.573517,110
2005,-0.5567772,110
2006,-0.4894548,110
2007,-0.5174973,110
2008,-0.608077,110
2009,-0.518879,110
2010,-0.5150598,110
2011,-0.5680648,110
2012,-0.6428629,110
2013,-0.6444105,110
2014,-0.718622,110
2015,-0.6085287,110
2016,-0.5215149,110
2017,-0.6272815,110
2018,-0.2180584,110
2019,-0.2357813,110
2020,-0.2136291,110
2021,-0.2153121,110
2022,-0.255549,110
2023,-0.282235,110
2024,-0.06297197,110
1995,-0.07270853,115
1996,-0.03661122,115
1997,-0.6279534,115
1998,-0.6804938,115
1999,-0.8077882,115
2000,-0.3801021,115
2001,-0.2831995,115
2002,-0.6699633,115
2003,-0.4715658,115
2004,-0.5699043,115
2005,-0.5722505,115
2006,-0.5889548,115
2007,-0.6006028,115
2008,-0.4630939,115
2009,-0.5488071,115
2010,-0.620335,115
2011,-0.6114005,115
2012,-0.6619657,115
2013,-0.6455783,115
2014,-0.6784647,115
2015,-0.6223655,115
2016,-0.703391,115
2017,-0.4707985,115
2018,-0.711887,115
2019,-0.681549,115
2020,-0.566323,115
2021,-0.4961315,115
2022,-0.2519466,115
2023,-0.1710935,115
2024,-0.04473393,115
1995,0.08932539,130
1996,-0.2122231,130
1997,-0.05530711,130
1998,-0.03842805,130
1999,-0.2852953,130
2000,-0.3348506,130
2001,-0.33136,130
2002,-0.3260951,130
2003,-0.3149017,130
2004,-0.3938067,130
2005,-0.2098656,130
2006,-0.3497387,130
2007,-0.4323862,130
2008,-0.5155102,130
2009,-0.6973313,130
2010,-0.6075195,130
2011,-1.300687,130
2012,-1.109197,130
2013,-1.359394,130
2014,-1.171397,130
2015,-1.010801,130
2016,-0.8714754,130
2017,-0.8959665,130
2018,-0.501286,130
2019,-0.4291609,130
2020,-0.4553107,130
2021,-0.2343945,130
2022,-0.05143913,130
2023,-0.1316651,130
2024,-0.06442166,130
1995,-0.1543292,135
1996,-0.1102132,135
1997,-0.1761997,135
1998,-0.09624465,135
1999,-0.1394344,135
2000,0.02419543,135
2001,0.01305426,135
2002,0.07756099,135
2003,0.05383309,135
2004,0.08373108,135
2005,-0.006132282,135
2006,-0.04483893,135
2007,-0.003347996,135
2008,-0.04614974,135
2009,-0.04691175,135
2010,-0.07010382,135
2011,-0.06602598,135
2012,-0.0793672,135
2013,-0.08403555,135
2014,-0.1149564,135
2015,-0.1837633,135
2016,-0.1348675,135
2017,-0.1657083,135
2018,-0.1311921,135
2019,-0.1789567,135
2020,-0.1962503,135
2021,-0.2902801,135
2022,-0.1711885,135
2023,-0.1536432,135
2024,-0.03505312,135
1995,-0.1661534,140
1996,-0.08228293,140
1997,-0.1261919,140
1998,-0.06669814,140
1999,0.0132958,140
2000,0.05160948,140
2001,0.01006617,140
2002,-0.02238177,140
2003,-0.05893234,140
2004,-0.06630625,140
2005,-0.1276248,140
2006,-0.1408261,140
2007,-0.1584375,140
2008,-0.1647525,140
2009,-0.3245795,140
2010,-0.4681884,140
2011,-0.5085595,140
2012,-0.4956436,140
2013,-0.5360979,140
2014,-0.6287106,140
2015,-0.5406579,140
2016,-0.4879405,140
2017,-0.2979854,140
2018,-0.05214461,140
2019,0.2586127,140
2020,0.2759122,140
2021,0.1338166,140
2022,0.09426,140
2023,-0.3112467,140
2024,-0.1824232,140
1995,-0.1236372,145
1996,-0.1118036,145
1997,-0.04060337,145
1998,-0.2074024,145
1999,-0.1509691,145
2000,-0.1081931,145
2001,-0.1472395,145
2002,-0.1704742,145
2003,-0.1323698,145
2004,-0.1629855,145
2005,-0.1392157,145
2006,-0.2920833,145
2007,-0.4082249,145
2008,-0.4074991,145
2009,-0.9170048,145
2010,-0.8535608,145
2011,-1.168903,145
2012,-1.516661,145
2013,-1.539128,145
2014,-1.167527,145
2015,-1.320389,145
2016,-1.424767,145
2017,-1.488812,145
2018,-1.300777,145
2019,-0.5637496,145
2020,-0.6912009,145
2021,-1.182721,145
2022,-1.009791,145
2023,-0.8924282,145
2024,-0.8516234,145
1995,0.1876162,150
1996,0.1318836,150
1997,-0.09118364,150
1998,0.03398199,150
1999,0.05623719,150
2000,0.1224279,150
2001,0.2159245,150
2002,-0.03054729,150
2003,-0.03299178,150
2004,-0.04738444,150
2005,-0.09821598,150
2006,-0.2093673,150
2007,-0.1467351,150
2008,-0.2733755,150
2009,-0.3213111,150
2010,-0.3375723,150
2011,-0.3705897,150
2012,-0.1690796,150
2013,0.1574412,150
2014,0.0657337,150
2015,0.003399246,150
2016,0.02029814,150
2017,-0.03917683,150
2018,-0.1238105,150
2019,-0.1870161,150
2020,-0.25853,150
2021,-0.2858237,150
2022,-0.172271,150
2023,-0.09851975,150
2024,0.3123829,150
1995,-0.1209302,155
1996,0.02662269,155
1997,0.01481966,155
1998,-0.1307916,155
1999,-0.03084789,155
2000,-0.01667186,155
2001,0.1556018,155
2002,-0.03673855,155
2003,0.01321157,155
2004,0.1160513,155
2005,-0.03434882,155
2006,-0.09796471,155
2007,-0.02325171,155
2008,-0.04323537,155
2009,-0.07405411,155
2010,-0.1167798,155
2011,-0.09147903,155
2012,-0.1959363,155
2013,-0.1791039,155
2014,-0.2486369,155
2015,-0.3257553,155
2016,-0.2668741,155
2017,-0.3281609,155
2018,-0.1124436,155
2019,-0.2042675,155
2020,-0.2044604,155
2021,-0.1678263,155
2022,0.02393372,155
2023,-0.0161926,155
2024,0.08991875,155
1995,0.9508724,160
1996,0.6731618,160
1997,0.5476731,160
1998,0.3883875,160
1999,0.3757835,160
2000,0.3189979,160
2001,0.3228342,160
2002,0.2872639,160
2003,0.2716173,160
2004,0.1750499,160
2005,0.1608209,160
2006,0.01069954,160
2007,0.02292008,160
2008,0.000683558,160
2009,-0.05192534,160
2010,0.03056555,160
2011,-0.03775561,160
2012,-0.1081346,160
2013,-0.1113562,160
2014,-0.1326744,160
2015,-0.1672398,160
2016,-0.1216764,160
2017,-0.1147032,160
2018,-0.01738365,160
2019,-0.1008781,160
2020,-0.094325,160
2021,-0.09194533,160
2022,-0.06294215,160
2023,-0.04351088,160
2024,0.2968933,160
1995,-0.1078508,165
1996,0.1034088,165
1997,0.03757964,165
1998,-0.0507775,165
1999,0.05147071,165
2000,0.06386014,165
2001,0.04968296,165
2002,0.05733358,165
2003,0.07303165,165
2004,0.04376653,165
2005,0.02383581,165
2006,-0.1120182,165
2007,-0.1374257,165
2008,-0.1376636,165
2009,-0.1437934,165
2010,-0.1185822,165
2011,-0.348534,165
2012,-0.3630437,165
2013,-0.3774068,165
2014,-0.4117488,165
2015,-0.4519339,165
2016,-0.4065995,165
2017,-0.4311916,165
2018,-0.2922781,165
2019,-0.3647367,165
2020,-0.03512475,165
2021,-0.07581541,165
2022,0.05713198,165
2023,0.02160683,165
2024,0.1244298,165
1995,2.198106,200
1996,2.08148,200
1997,1.940893,200
1998,1.6496,200
1999,1.655686,200
2000,1.652436,200
2001,1.62455,200
2002,1.639335,200
2003,1.584826,200
2004,1.479824,200
2005,1.561121,200
2006,1.454879,200
2007,1.549377,200
2008,1.486647,200
2009,1.433932,200
2010,1.602302,200
2011,1.489861,200
2012,1.522607,200
2013,1.553642,200
2014,1.590625,200
2015,1.605747,200
2016,1.611238,200
2017,1.593572,200
2018,1.577797,200
2019,1.592454,200
2020,1.632245,200
2021,1.840678,200
2022,1.500561,200
2023,1.624617,200
2024,1.555942,200
1995,1.076256,205
1996,1.023893,205
1997,1.100177,205
1998,0.9567469,205
1999,0.8521462,205
2000,0.8122644,205
2001,0.8613194,205
2002,0.8154998,205
2003,0.8043215,205
2004,0.8255821,205
2005,0.7901744,205
2006,0.7881028,205
2007,0.7712264,205
2008,0.678489,205
2009,0.774727,205
2010,0.7171125,205
2011,0.7962436,205
2012,0.7026756,205
2013,0.716861,205
2014,0.8289652,205
2015,0.6708398,205
2016,0.7125952,205
2017,0.7271184,205
2018,0.66325,205
2019,0.775018,205
2020,0.6951766,205
2021,0.691769,205
2022,0.7538108,205
2023,0.6601067,205
2024,0.6953126,205
1995,1.643737,210
1996,1.611232,210
1997,1.507702,210
1998,1.232468,210
1999,1.249934,210
2000,1.209504,210
2001,1.163087,210
2002,1.146724,210
2003,1.070139,210
2004,0.9341555,210
2005,0.9926859,210
2006,0.9328919,210
2007,0.9938403,210
2008,1.010556,210
2009,1.070163,210
2010,1.053269,210
2011,1.045537,210
2012,0.9519334,210
2013,0.9643978,210
2014,0.9967013,210
2015,1.043969,210
2016,1.019733,210
2017,0.979489,210
2018,1.062332,210
2019,1.024068,210
2020,1.153684,210
2021,1.089865,210
2022,1.078508,210
2023,0.9490323,210
2024,1.021471,210
1995,1.557568,211
1996,1.548618,211
1997,1.428211,211
1998,1.226333,211
1999,1.186,211
2000,1.171685,211
2001,1.123701,211
2002,1.102949,211
2003,1.118588,211
2004,0.9863718,211
2005,1.019119,211
2006,0.9859072,211
2007,0.9466405,211
2008,0.9441381,211
2009,1.025223,211
2010,0.9852946,211
2011,1.027462,211
2012,0.9757599,211
2013,0.9606653,211
2014,0.998341,211
2015,1.02801,211
2016,1.052185,211
2017,0.9990694,211
2018,1.006504,211
2019,1.029237,211
2020,1.070524,211
2021,1.03469,211
2022,0.964589,211
2023,0.9675986,211
2024,0.9500878,211
1995,1.618096,212
1996,1.54765,212
1997,1.491132,212
1998,1.226854,212
1999,1.187065,212
2000,1.174565,212
2001,1.118009,212
2002,1.065826,212
2003,1.082602,212
2004,0.935326,212
2005,0.9660636,212
2006,0.948953,212
2007,0.9556728,212
2008,0.9162811,212
2009,0.8982751,212
2010,0.8323999,212
2011,0.8675212,212
2012,0.849084,212
2013,0.913206,212
2014,0.8808065,212
2015,0.9654566,212
2016,0.9678792,212
2017,1.035513,212
2018,0.9290154,212
2019,1.022249,212
2020,0.9548518,212
2021,1.071211,212
2022,0.9253228,212
2023,0.9954513,212
2024,0.9634175,212
1995,1.80222,220
1996,1.837001,220
1997,1.727429,220
1998,1.516506,220
1999,1.487945,220
2000,1.393805,220
2001,1.445289,220
2002,1.465721,220
2003,1.4091,220
2004,1.341845,220
2005,1.420571,220
2006,1.406573,220
2007,1.488003,220
2008,1.375503,220
2009,1.306522,220
2010,1.289891,220
2011,1.278045,220
2012,1.367886,220
2013,1.354641,220
2014,1.330256,220
2015,1.420323,220
2016,1.377062,220
2017,1.471684,220
2018,1.393395,220
2019,1.367554,220
2020,1.424745,220
2021,1.483323,220
2022,1.214339,220
2023,1.336118,220
2024,1.256301,220
1995,1.415904,221
1996,1.386991,221
1997,1.411809,221
1998,1.373268,221
1999,1.350312,221
2000,1.110833,221
2001,1.087832,221
2002,1.079489,221
2003,1.001716,221
2004,0.9266503,221
2005,0.9547704,221
2006,0.9317593,221
2007,0.9221879,221
2008,0.8794976,221
2009,0.8865636,221
2010,0.8224411,221
2011,0.8900305,221
2012,0.9092094,221
2013,0.8940028,221
2014,0.9349574,221
2015,1.032241,221
2016,1.094919,221
2017,0.962759,221
2018,1.012075,221
2019,0.9671293,221
2020,1.083927,221
2021,1.077222,221
2022,0.9614273,221
2023,1.0096,221
2024,1.065337,221
1995,1.135203,223
1996,1.072457,223
1997,1.144775,223
1998,1.007941,223
1999,1.049667,223
2000,0.9656133,223
2001,0.990009,223
2002,0.8664317,223
2003,0.8897205,223
2004,0.8431123,223
2005,0.9220092,223
2006,0.7961929,223
2007,0.7333043,223
2008,0.6799686,223
2009,0.866383,223
2010,0.7492898,223
2011,0.7459011,223
2012,0.7669509,223
2013,0.7944375,223
2014,0.7928345,223
2015,0.745367,223
2016,0.6342384,223
2017,0.6368663,223
2018,0.701651,223
2019,0.7231835,223
2020,0.7526382,223
2021,0.6638369,223
2022,0.7669674,223
2023,0.6378018,223
2024,0.6783223,223
1995,0.9725669,225
1996,0.9725669,225
1997,0.9725669,225
1998,0.9725669,225
1999,0.9725669,225
2000,0.9725669,225
2001,0.9725669,225
2002,0.9725669,225
2003,0.985371,225
2004,0.8483106,225
2005,0.918686,225
2006,0.8003236,225
2007,0.7373839,225
2008,0.6231156,225
2009,0.76844,225
2010,0.7081152,225
2011,0.6418451,225
2012,0.6733988,225
2013,0.6807354,225
2014,0.727839,225
2015,0.6683943,225
2016,0.6231843,225
2017,0.6389338,225
2018,0.64291,225
2019,0.7122657,225
2020,0.7113257,225
2021,0.7234841,225
2022,0.7324219,225
2023,0.6049668,225
2024,0.7573139,225
1995,1.146923,230
1996,1.352436,230
1997,1.309229,230
1998,1.115046,230
1999,1.07262,230
2000,1.002514,230
2001,1.039773,230
2002,1.056229,230
2003,1.045687,230
2004,0.947754,230
2005,0.8941008,230
2006,0.9612014,230
2007,0.9117575,230
2008,0.8559893,230
2009,0.8978875,230
2010,0.7627663,230
2011,0.9142971,230
2012,0.889788,230
2013,0.8737904,230
2014,0.8913368,230
2015,1.025267,230
2016,1.097548,230
2017,1.018646,230
2018,0.9518526,230
2019,1.031682,230
2020,0.8986675,230
2021,0.9177141,230
2022,0.8861785,230
2023,0.92569,230
2024,0.9135845,230
1995,1.205964,232
1996,1.319413,232
1997,1.336555,232
1998,1.10914,232
1999,1.066443,232
2000,1.006041,232
2001,1.014141,232
2002,0.8897656,232
2003,0.8578865,232
2004,0.8674776,232
2005,0.8207154,232
2006,0.9054111,232
2007,0.9196914,232
2008,0.8651333,232
2009,0.8693352,232
2010,0.8504375,232
2011,0.8404876,232
2012,0.9095386,232
2013,0.8438328,232
2014,0.8976056,232
2015,0.8568899,232
2016,0.8742417,232
2017,0.8083333,232
2018,0.7864369,232
2019,0.7588178,232
2020,0.6932513,232
2021,0.6675189,232
2022,0.7663536,232
2023,0.6605047,232
2024,0.7025983,232
1995,1.276356,235
1996,1.435187,235
1997,1.318728,235
1998,1.111432,235
1999,1.067074,235
2000,0.981442,235
2001,1.013979,235
2002,1.076494,235
2003,1.047871,235
2004,0.9317054,235
2005,0.8776732,235
2006,0.9369053,235
2007,0.9051849,235
2008,0.8732608,235
2009,0.8684257,235
2010,0.8409334,235
2011,0.868288,235
2012,0.8786858,235
2013,0.8821857,235
2014,0.8886305,235
2015,0.8715071,235
2016,0.8824194,235
2017,0.9680092,235
2018,0.880795,235
2019,1.00866,235
2020,0.9276621,235
2021,0.9693017,235
2022,0.9231141,235
2023,0.9521284,235
2024,0.9338735,235
1995,1.520318,255
1996,1.541588,255
1997,1.473981,255
1998,1.225626,255
1999,1.249644,255
2000,1.208222,255
2001,1.16074,255
2002,1.123218,255
2003,1.140535,255
2004,0.9838793,255
2005,0.9448171,255
2006,0.940183,255
2007,0.8653906,255
2008,0.8334726,255
2009,1.065303,255
2010,1.003863,255
2011,0.9255111,255
2012,0.9235059,255
2013,1.037111,255
2014,1.142716,255
2015,1.1972,255
2016,1.169269,255
2017,1.154541,255
2018,1.1425,255
2019,1.145117,255
2020,1.276647,255
2021,1.15485,255
2022,1.172681,255
2023,1.102925,255
2024,1.157171,255
1995,1.496607,290
1996,1.35961,290
1997,1.316388,290
1998,1.163827,290
1999,1.095122,290
2000,1.132873,290
2001,1.105772,290
2002,1.047239,290
2003,1.150506,290
2004,1.046884,290
2005,0.9868108,290
2006,0.9520355,290
2007,0.9730183,290
2008,0.9966481,290
2009,1.065925,290
2010,1.061704,290
2011,0.9714365,290
2012,0.974529,290
2013,0.9657626,290
2014,0.9733523,290
2015,1.067706,290
2016,1.046357,290
2017,1.063752,290
2018,1.159286,290
2019,1.151801,290
2020,1.191554,290
2021,1.156141,290
2022,1.048037,290
2023,1.086512,290
2024,1.040079,290
1995,1.185541,305
1996,1.119276,305
1997,1.185343,305
1998,1.081059,305
1999,0.9886103,305
2000,0.9964535,305
2001,0.9756672,305
2002,0.8820038,305
2003,0.878641,305
2004,0.9031003,305
2005,0.9298523,305
2006,0.7980741,305
2007,0.6999313,305
2008,0.6768086,305
2009,0.8038805,305
2010,0.7134448,305
2011,0.7651165,305
2012,0.7079469,305
2013,0.719213,305
2014,0.7329488,305
2015,0.6804191,305
2016,0.6472323,305
2017,0.6991961,305
2018,0.7338451,305
2019,0.8115241,305
2020,0.8364688,305
2021,0.7621501,305
2022,0.9345581,305
2023,0.8040421,305
2024,0.9037006,305
1995,1.521116,310
1996,1.493246,310
1997,1.267502,310
1998,1.258778,310
1999,1.28614,310
2000,1.196988,310
2001,1.165997,310
2002,1.110529,310
2003,1.055274,310
2004,0.9685084,310
2005,0.9737741,310
2006,0.9588432,310
2007,0.9732707,310
2008,0.9380541,310
2009,0.9922773,310
2010,0.950235,310
2011,0.9759419,310
2012,0.9934772,310
2013,0.9715648,310
2014,1.091009,310
2015,1.08575,310
2016,1.129338,310
2017,1.080393,310
2018,1.293404,310
2019,1.198219,310
2020,1.356805,310
2021,1.180362,310
2022,1.220992,310
2023,1.276505,310
2024,1.23046,310
1995,1.390505,316
1996,1.395628,316
1997,1.345518,316
1998,1.14914,316
1999,1.068379,316
2000,1.140849,316
2001,1.106394,316
2002,1.025191,316
2003,1.109228,316
2004,0.9662577,316
2005,0.9643098,316
2006,0.9395774,316
2007,0.9951676,316
2008,0.9947735,316
2009,1.071522,316
2010,1.093471,316
2011,0.9789549,316
2012,1.118598,316
2013,1.059343,316
2014,1.160333,316
2015,1.157279,316
2016,1.190088,316
2017,1.188443,316
2018,1.221112,316
2019,1.20424,316
2020,1.341817,316
2021,1.284965,316
2022,1.213103,316
2023,1.279809,316
2024,1.389544,316
1995,1.417739,317
1996,1.350826,317
1997,1.295148,317
1998,1.144957,317
1999,1.070733,317
2000,1.073265,317
2001,0.9603587,317
2002,0.9620364,317
2003,0.9837137,317
2004,0.9273378,317
2005,0.9302642,317
2006,0.9426497,317
2007,0.9453495,317
2008,0.9150763,317
2009,0.9871103,317
2010,1.024495,317
2011,0.979774,317
2012,0.9767168,317
2013,0.9551294,317
2014,0.9542091,317
2015,1.017924,317
2016,1.070843,317
2017,1.016235,317
2018,1.057537,317
2019,1.082074,317
2020,1.186244,317
2021,1.171751,317
2022,1.120787,317
2023,1.098418,317
2024,0.9715084,317
1995,1.502911,325
1996,1.437653,325
1997,1.373455,325
1998,1.173088,325
1999,1.064281,325
2000,1.070657,325
2001,1.069421,325
2002,1.129787,325
2003,1.123287,325
2004,0.9318891,325
2005,0.9524368,325
2006,0.9338503,325
2007,0.8753887,325
2008,0.836587,325
2009,1.00123,325
2010,0.8977225,325
2011,0.9218606,325
2012,0.8551485,325
2013,0.9286696,325
2014,0.9017127,325
2015,0.9135343,325
2016,0.9301147,325
2017,0.9741036,325
2018,1.048148,325
2019,1.036562,325
2020,0.9109239,325
2021,1.066891,325
2022,1.045034,325
2023,1.072195,325
2024,1.135745,325
1995,0.4878129,331
1996,0.8058687,331
1997,0.9663241,331
1998,0.7363316,331
1999,0.7349426,331
2000,0.8643822,331
2001,0.9479623,331
2002,0.8601962,331
2003,0.8476605,331
2004,0.8165647,331
2005,0.8109795,331
2006,0.8869142,331
2007,0.8199244,331
2008,0.7627262,331
2009,0.8507351,331
2010,0.7929704,331
2011,0.871929,331
2012,0.8648039,331
2013,0.7609454,331
2014,0.7678275,331
2015,0.6393548,331
2016,0.6017876,331
2017,0.6995908,331
2018,0.7058982,331
2019,0.7617851,331
2020,0.7028665,331
2021,0.6762962,331
2022,0.7913526,331
2023,0.6597963,331
2024,0.69686,331
1995,0.8587973,338
1996,0.393286,338
1997,0.3915501,338
1998,0.4439412,338
1999,0.6659341,338
2000,0.6127444,338
2001,0.6864686,338
2002,0.5549273,338
2003,0.6702445,338
2004,0.6874192,338
2005,0.6326948,338
2006,0.6743012,338
2007,0.6802104,338
2008,0.5824772,338
2009,0.6656019,338
2010,0.6065716,338
2011,0.6405299,338
2012,0.6014888,338
2013,0.604871,338
2014,0.6612351,338
2015,0.5594039,338
2016,0.6240691,338
2017,0.6945409,338
2018,0.6466238,338
2019,0.7350588,338
2020,0.6626161,338
2021,0.6954742,338
2022,0.7014383,338
2023,0.6652611,338
2024,0.7050885,338
1995,1.007149,339
1996,1.219096,339
1997,1.084494,339
1998,1.127516,339
1999,1.013387,339
2000,1.323795,339
2001,1.353556,339
2002,1.074835,339
2003,1.17335,339
2004,1.168129,339
2005,1.445873,339
2006,1.053795,339
2007,0.968889,339
2008,0.9041345,339
2009,0.8069766,339
2010,0.8932037,339
2011,0.9720454,339
2012,0.9316585,339
2013,0.9217066,339
2014,0.8907626,339
2015,0.9018907,339
2016,0.9701709,339
2017,1.023029,339
2018,1.025079,339
2019,1.076954,339
2020,1.08748,339
2021,1.088777,339
2022,1.043322,339
2023,1.015335,339
2024,0.9509329,339
1995,0.9009673,341
1996,0.9009673,341
1997,0.9009673,341
1998,0.9009673,341
1999,0.9009673,341
2000,0.9009673,341
2001,0.9009673,341
2002,0.9009673,341
2003,0.9009673,341
2004,0.9009673,341
2005,0.9009673,341
2006,0.9009673,341
2007,0.8840043,341
2008,0.807104,341
2009,0.888657,341
2010,0.8265313,341
2011,0.964618,341
2012,0.7925634,341
2013,0.7869977,341
2014,0.7590032,341
2015,0.7112376,341
2016,1.059201,341
2017,1.032343,341
2018,0.9625535,341
2019,1.009734,341
2020,1.033255,341
2021,1.055225,341
2022,0.9121911,341
2023,0.9481474,341
2024,0.9262601,341
1995,1.004908,343
1996,1.11777,343
1997,1.065775,343
1998,0.9205741,343
1999,0.8640039,343
2000,0.9687832,343
2001,0.9713811,343
2002,0.9267824,343
2003,0.935114,343
2004,0.899674,343
2005,0.9151002,343
2006,0.9070978,343
2007,0.916154,343
2008,0.9055675,343
2009,0.9956588,343
2010,0.8701198,343
2011,0.8563231,343
2012,0.8631899,343
2013,0.8039613,343
2014,0.8260928,343
2015,0.7821558,343
2016,0.7633083,343
2017,0.8352782,343
2018,0.8636352,343
2019,0.9856731,343
2020,1.042122,343
2021,1.03146,343
2022,0.9619396,343
2023,0.8455527,343
2024,0.8217807,343
1995,1.0258,344
1996,1.041943,344
1997,1.096728,344
1998,0.9670496,344
1999,0.8400381,344
2000,0.93888,344
2001,0.8513884,344
2002,0.8925667,344
2003,0.9505035,344
2004,0.9001501,344
2005,0.9207871,344
2006,0.9121979,344
2007,0.9167758,344
2008,0.8610728,344
2009,0.8644144,344
2010,0.929151,344
2011,0.8939029,344
2012,0.9556258,344
2013,0.9253473,344
2014,0.9280816,344
2015,0.9860764,344
2016,1.038901,344
2017,1.031223,344
2018,1.019802,344
2019,1.014462,344
2020,1.164781,344
2021,1.148336,344
2022,1.132166,344
2023,1.145885,344
2024,1.180145,344
1995,0.7868618,345
1996,0.7868618,345
1997,0.7868618,345
1998,0.7868618,345
1999,0.7868618,345
2000,0.7868618,345
2001,0.8405406,345
2002,0.9220555,345
2003,0.8905335,345
2004,0.910708,345
2005,0.8936071,345
2006,0.9084872,345
2007,0.79752,345
2008,0.5399757,345
2009,0.4564581,345
2010,0.470117,345
2011,0.461012,345
2012,0.4626218,345
2013,0.5538816,345
2014,0.607855,345
2015,0.4675801,345
2016,0.4855709,345
2017,0.5024052,345
2018,0.3145371,345
2019,0.3842711,345
2020,0.3747316,345
2021,0.349557,345
2022,0.3606843,345
2023,0.3887623,345
2024,0.2564601,345
1995,0.6784575,346
1996,0.5533019,346
1997,0.5533019,346
1998,0.5533019,346
1999,0.7419264,346
2000,0.6396658,346
2001,1.108558,346
2002,0.9948311,346
2003,0.8426165,346
2004,0.8956362,346
2005,0.9385597,346
2006,0.911581,346
2007,0.7337069,346
2008,0.8492249,346
2009,0.6746484,346
2010,0.6419271,346
2011,0.8068517,346
2012,0.7913049,346
2013,0.7976922,346
2014,0.7978358,346
2015,0.7570941,346
2016,0.7427498,346
2017,0.7557508,346
2018,0.6435055,346
2019,0.7117756,346
2020,0.5898018,346
2021,0.6306438,346
2022,0.7081766,346
2023,0.76923,346
2024,0.6546692,346
1995,1.260333,349
1996,1.360343,349
1997,1.217469,349
1998,1.116922,349
1999,1.069894,349
2000,1.07532,349
2001,1.116621,349
2002,1.051349,349
2003,0.9562137,349
2004,0.9600048,349
2005,0.9821383,349
2006,0.9525922,349
2007,0.9711277,349
2008,0.9110384,349
2009,0.8675692,349
2010,0.8127721,349
2011,0.8627764,349
2012,0.865446,349
2013,0.8625666,349
2014,0.8457255,349
2015,0.9516162,349
2016,1.025689,349
2017,1.012799,349
2018,0.9897173,349
2019,0.9778014,349
2020,1.126222,349
2021,1.13114,349
2022,0.8999151,349
2023,0.9367268,349
2024,0.9230406,349
1995,1.065035,350
1996,1.12113,350
1997,1.264182,350
1998,1.112586,350
1999,1.067401,350
2000,1.052688,350
2001,1.07132,350
2002,0.9663795,350
2003,0.9545281,350
2004,0.9340047,350
2005,0.9336361,350
2006,0.9486205,350
2007,0.9674979,350
2008,0.8885585,350
2009,0.8997811,350
2010,0.8774679,350
2011,0.8635814,350
2012,0.8568581,350
2013,0.8759141,350
2014,0.8170506,350
2015,0.7907136,350
2016,0.709038,350
2017,0.8528814,350
2018,0.8497218,350
2019,0.9824374,350
2020,0.8831057,350
2021,0.9013056,350
2022,0.8880122,350
2023,0.9055869,350
2024,0.8153467,350
1995,0.1183686,352
1996,0.6676559,352
1997,0.6900188,352
1998,0.486045,352
1999,0.6237486,352
2000,0.5425032,352
2001,0.6394867,352
2002,0.5578947,352
2003,0.6484807,352
2004,0.7422224,352
2005,0.7029887,352
2006,0.7274092,352
2007,0.7060351,352
2008,0.5672794,352
2009,0.6326872,352
2010,0.5830203,352
2011,0.6071753,352
2012,0.5885394,352
2013,0.6453453,352
2014,0.7026964,352
2015,0.6166964,352
2016,0.586556,352
2017,0.6532739,352
2018,0.6089987,352
2019,0.7109615,352
2020,0.6334286,352
2021,0.6676865,352
2022,0.6948774,352
2023,0.6506862,352
2024,0.6125507,352
1995,1.251663,355
1996,1.332274,355
1997,1.523286,355
1998,1.209237,355
1999,1.107591,355
2000,1.004587,355
2001,1.092785,355
2002,1.122421,355
2003,1.119562,355
2004,0.9673152,355
2005,0.9336532,355
2006,0.9486584,355
2007,0.9522547,355
2008,0.9100727,355
2009,0.9669465,355
2010,1.057112,355
2011,0.9752465,355
2012,0.9013485,355
2013,0.9097133,355
2014,0.9356867,355
2015,0.9383491,355
2016,0.9774753,355
2017,0.9928206,355
2018,0.9765204,355
2019,1.086814,355
2020,1.168656,355
2021,1.087121,355
2022,1.047217,355
2023,0.9968692,355
2024,1.061079,355
1995,1.208822,359
1996,1.053545,359
1997,1.162307,359
1998,0.9479253,359
1999,0.9336825,359
2000,0.8629563,359
2001,0.879623,359
2002,0.8567773,359
2003,0.6896445,359
2004,0.6998013,359
2005,0.7557682,359
2006,0.9103363,359
2007,0.862806,359
2008,0.7982225,359
2009,0.8382036,359
2010,0.8468739,359
2011,0.8936194,359
2012,0.906258,359
2013,0.8867911,359
2014,0.868812,359
2015,0.8576598,359
2016,0.8143404,359
2017,0.7509043,359
2018,0.7170089,359
2019,0.7088777,359
2020,0.6513381,359
2021,0.6962755,359
2022,0.7857624,359
2023,0.6918885,359
2024,0.8256415,359
1995,1.34619,360
1996,1.39066,360
1997,1.353014,360
1998,1.207937,360
1999,1.121903,360
2000,1.086473,360
2001,1.103897,360
2002,1.093541,360
2003,0.9693874,360
2004,0.9598721,360
2005,0.9277936,360
2006,0.9199222,360
2007,0.9369407,360
2008,0.9196744,360
2009,0.946688,360
2010,0.9992945,360
2011,0.9358295,360
2012,0.9603356,360
2013,0.8857298,360
2014,0.9053539,360
2015,0.9335895,360
2016,1.084718,360
2017,1.064113,360
2018,1.048742,360
2019,1.120892,360
2020,1.145097,360
2021,1.074323,360
2022,1.037335,360
2023,1.097958,360
2024,1.153504,360
1995,1.294323,365
1996,0.6875496,365
1997,0.6127268,365
1998,0.6038833,365
1999,0.3931267,365
2000,0.1990947,365
2001,0.2021842,365
2002,0.1828381,365
2003,0.2610895,365
2004,0.1307764,365
2005,0.07498874,365
2006,-0.05162052,365
2007,0.03217585,365
2008,-0.02674367,365
2009,-0.02911749,365
2010,-0.01871861,365
2011,-0.05946226,365
2012,-0.01390489,365
2013,-0.05374774,365
2014,0.009636959,365
2015,0.1669665,365
2016,0.190257,365
2017,0.09980835,365
2018,-0.03602145,365
2019,0.01709972,365
2020,0.02110998,365
2021,-0.02421072,365
2022,-0.7643459,365
2023,-0.270707,365
2024,-0.850436,365
1995,1.295235,366
1996,1.292532,366
1997,1.226835,366
1998,1.153579,366
1999,1.169852,366
2000,1.090777,366
2001,1.114036,366
2002,1.015298,366
2003,1.050164,366
2004,0.9234201,366
2005,0.9508926,366
2006,0.914109,366
2007,0.9160265,366
2008,0.9291088,366
2009,0.9612342,366
2010,1.068056,366
2011,0.9770816,366
2012,0.97916,366
2013,0.9735427,366
2014,0.9807005,366
2015,1.068349,366
2016,1.099053,366
2017,1.037991,366
2018,1.087076,366
2019,1.179347,366
2020,1.225132,366
2021,1.160757,366
2022,1.094369,366
2023,1.093747,366
2024,1.04045,366
1995,1.445006,367
1996,1.209748,367
1997,1.364366,367
1998,1.1433,367
1999,1.080675,367
2000,1.165079,367
2001,1.145228,367
2002,1.073141,367
2003,1.092098,367
2004,1.096622,367
2005,1.084846,367
2006,0.9582761,367
2007,0.960137,367
2008,0.9396213,367
2009,0.8963101,367
2010,1.085967,367
2011,0.9861806,367
2012,0.9947344,367
2013,0.9865503,367
2014,0.9826579,367
2015,1.07275,367
2016,1.099595,367
2017,1.043176,367
2018,1.137519,367
2019,1.125549,367
2020,1.179747,367
2021,1.157434,367
2022,1.04201,367
2023,1.064311,367
2024,1.119092,367
1995,1.381619,368
1996,1.410907,368
1997,1.327372,368
1998,1.151899,368
1999,1.111489,368
2000,1.142937,368
2001,1.084732,368
2002,1.057435,368
2003,1.078342,368
2004,0.9352813,368
2005,0.9585375,368
2006,0.9468522,368
2007,0.9473466,368
2008,1.008947,368
2009,0.9637666,368
2010,1.084871,368
2011,0.9775207,368
2012,0.9900768,368
2013,0.9566558,368
2014,0.9901579,368
2015,1.088247,368
2016,1.106474,368
2017,1.081001,368
2018,1.154989,368
2019,1.162712,368
2020,1.225526,368
2021,1.181394,368
2022,1.119358,368
2023,1.164061,368
2024,1.182401,368
1995,0.5525417,369
1996,0.6266841,369
1997,0.5601849,369
1998,0.4090895,369
1999,0.4131401,369
2000,0.4121844,369
2001,0.4356861,369
2002,0.3920119,369
2003,0.3833132,369
2004,0.4151849,369
2005,0.5857123,369
2006,0.8527429,369
2007,0.9291816,369
2008,0.8187171,369
2009,0.89612,369
2010,0.8098883,369
2011,0.7110726,369
2012,0.7237696,369
2013,0.7416703,369
2014,1.028433,369
2015,0.9415431,369
2016,1.043735,369
2017,1.142932,369
2018,1.049068,369
2019,1.154253,369
2020,1.035545,369
2021,1.165316,369
2022,1.085382,369
2023,1.183105,369
2024,1.201586,369
1995,0.5872923,370
1996,0.5328016,370
1997,0.4005654,370
1998,0.1430542,370
1999,-0.02103143,370
2000,-0.5566819,370
2001,-0.09208539,370
2002,-0.1181465,370
2003,-0.08239048,370
2004,-0.2114197,370
2005,-0.201874,370
2006,-0.2478763,370
2007,-0.3798674,370
2008,-0.4454936,370
2009,-0.4316977,370
2010,-0.3585299,370
2011,-0.3721869,370
2012,-0.3856536,370
2013,-0.3689523,370
2014,-0.3476919,370
2015,-0.2335901,370
2016,-0.3332928,370
2017,-0.3257432,370
2018,-0.443166,370
2019,-0.297047,370
2020,-0.3270029,370
2021,-0.4760058,370
2022,-1.043741,370
2023,-0.6259957,370
2024,-0.9138551,370
1995,0.8047358,371
1996,0.6617497,371
1997,0.7246766,371
1998,0.4669218,371
1999,0.3648399,371
2000,0.2473534,371
2001,0.2273932,371
2002,0.2242197,371
2003,0.2661852,371
2004,0.2347968,371
2005,0.1417153,371
2006,0.1350484,371
2007,0.1338822,371
2008,0.1438427,371
2009,0.0929016,371
2010,0.1138731,371
2011,0.1050219,371
2012,0.03751155,371
2013,0.03318242,371
2014,0.04857838,371
2015,0.1475938,371
2016,0.1617226,371
2017,0.1321727,371
2018,0.06952805,371
2019,0.10044,371
2020,0.1995827,371
2021,0.151939,371
2022,-0.04885385,371
2023,0.08847936,371
2024,-0.03983781,371
1995,1.163883,372
1996,0.8207244,372
1997,0.7907584,372
1998,0.5964291,372
1999,0.8274126,372
2000,0.8556068,372
2001,0.8668932,372
2002,0.7966726,372
2003,0.8053679,372
2004,0.9154248,372
2005,0.9837699,372
2006,0.8017135,372
2007,0.7463951,372
2008,0.7955578,372
2009,0.8936285,372
2010,0.8297504,372
2011,0.7886988,372
2012,0.7978637,372
2013,0.7558104,372
2014,0.8108371,372
2015,0.803353,372
2016,0.8685716,372
2017,0.8817454,372
2018,0.8705399,372
2019,0.8869874,372
2020,0.9554017,372
2021,0.7942211,372
2022,0.8515129,372
2023,0.7741151,372
2024,0.8225897,372
1995,0.3897473,373
1996,0.2936078,373
1997,0.2895069,373
1998,0.08821932,373
1999,0.2102456,373
2000,0.03844705,373
2001,-0.00818909,373
2002,-0.06377739,373
2003,-0.0873292,373
2004,-0.06786488,373
2005,-0.1874812,373
2006,-0.07421446,373
2007,-0.05252196,373
2008,-0.1955015,373
2009,-0.2083445,373
2010,-0.2717253,373
2011,-0.4502486,373
2012,-0.4022548,373
2013,-0.4672456,373
2014,-0.4088928,373
2015,-0.6645078,373
2016,-0.6403525,373
2017,-0.7094378,373
2018,-0.6168062,373
2019,-0.6092549,373
2020,-0.6899845,373
2021,-0.5295586,373
2022,-0.5717061,373
2023,-0.4627063,373
2024,-0.4680969,373
1995,1.429245,375
1996,1.528187,375
1997,1.389387,375
1998,1.159382,375
1999,1.076737,375
2000,1.107684,375
2001,1.082274,375
2002,1.013736,375
2003,1.021521,375
2004,0.9311707,375
2005,0.9595663,375
2006,0.9154148,375
2007,0.8851883,375
2008,0.7923949,375
2009,0.8704679,375
2010,0.7979944,375
2011,0.8859245,375
2012,0.8736612,375
2013,0.9196512,375
2014,0.96006,375
2015,0.8777866,375
2016,0.8606536,375
2017,0.8716782,375
2018,0.8893548,375
2019,0.8739388,375
2020,0.9509559,375
2021,0.9130484,375
2022,0.9547139,375
2023,0.983733,375
2024,1.04436,375
1995,1.189612,380
1996,1.119717,380
1997,1.202722,380
1998,1.019616,380
1999,0.9962309,380
2000,0.986649,380
2001,0.9588922,380
2002,0.8607731,380
2003,0.9569106,380
2004,0.9122403,380
2005,0.867953,380
2006,0.7839731,380
2007,0.8037937,380
2008,0.7288834,380
2009,0.8553454,380
2010,0.8902587,380
2011,0.8534675,380
2012,0.7843571,380
2013,0.8663589,380
2014,0.7727506,380
2015,0.6600486,380
2016,0.693645,380
2017,0.7998558,380
2018,0.8285677,380
2019,0.8430948,380
2020,0.8442778,380
2021,0.8398052,380
2022,0.9889178,380
2023,1.010041,380
2024,1.077944,380
1995,1.331811,385
1996,1.37719,385
1997,1.40317,385
1998,1.127084,385
1999,1.082035,385
2000,1.106349,385
2001,1.174538,385
2002,1.062873,385
2003,1.09265,385
2004,0.9382068,385
2005,0.9602653,385
2006,0.8715317,385
2007,0.8174958,385
2008,0.7649517,385
2009,0.8544152,385
2010,0.7917735,385
2011,0.8140795,385
2012,0.863976,385
2013,0.8731827,385
2014,0.9044268,385
2015,0.8917502,385
2016,0.8724394,385
2017,0.9157356,385
2018,0.8999721,385
2019,0.896832,385
2020,0.8445268,385
2021,1.031945,385
2022,0.8905099,385
2023,0.7945941,385
2024,0.6652812,385
1995,1.365008,390
1996,1.430476,390
1997,1.379573,390
1998,1.115927,390
1999,1.196613,390
2000,1.140214,390
2001,1.202503,390
2002,1.087243,390
2003,1.017454,390
2004,0.99046,390
2005,1.005322,390
2006,0.9447466,390
2007,0.9532911,390
2008,1.056474,390
2009,1.040436,390
2010,1.044001,390
2011,0.978871,390
2012,0.9388051,390
2013,0.9583791,390
2014,1.008487,390
2015,1.024037,390
2016,1.092411,390
2017,1.090522,390
2018,1.089729,390
2019,1.095241,390
2020,1.194237,390
2021,1.148214,390
2022,1.048534,390
2023,1.057955,390
2024,1.0087,390
1995,1.307914,395
1996,1.384328,395
1997,1.385853,395
1998,1.112168,395
1999,1.193565,395
2000,1.140835,395
2001,1.131361,395
2002,1.070168,395
2003,1.084075,395
2004,0.9843801,395
2005,0.9824325,395
2006,0.9417517,395
2007,0.9091476,395
2008,0.7651558,395
2009,0.8953481,395
2010,0.8112432,395
2011,0.8142614,395
2012,0.7916076,395
2013,0.8411198,395
2014,0.8396853,395
2015,0.8295412,395
2016,0.8134688,395
2017,0.8923727,395
2018,0.8615677,395
2019,0.9301601,395
2020,0.8886718,395
2021,0.9730283,395
2022,0.8854104,395
2023,0.8791399,395
2024,0.7470151,395
1995,-0.6449556,402
1996,-0.542424,402
1997,-0.5066774,402
1998,-0.677096,402
1999,-0.6931807,402
2000,-0.4357179,402
2001,-0.6603115,402
2002,-0.5927287,402
2003,-0.6012464,402
2004,-0.5606314,402
2005,-0.4561356,402
2006,-0.2326115,402
2007,-0.5213265,402
2008,-0.2726663,402
2009,-0.4332627,402
2010,-0.329131,402
2011,-0.3374641,402
2012,-0.3547732,402
2013,-0.5162729,402
2014,-0.3484925,402
2015,-0.4615154,402
2016,-0.4187661,402
2017,-0.5338301,402
2018,-0.3697243,402
2019,-0.2846676,402
2020,-0.2935965,402
2021,-0.4757909,402
2022,-0.2585501,402
2023,-0.1128043,402
2024,-0.03833185,402
1995,-0.160289,403
1996,-0.160289,403
1997,-0.160289,403
1998,-0.160289,403
1999,-0.160289,403
2000,-0.160289,403
2001,-0.160289,403
2002,-0.6371868,403
2003,-0.6354788,403
2004,-0.5099795,403
2005,-0.6436328,403
2006,-0.5678902,403
2007,-0.5401621,403
2008,-0.5304492,403
2009,-0.5209204,403
2010,-0.2121898,403
2011,-0.3455476,403
2012,-0.4590443,403
2013,-0.5682683,403
2014,-0.3754322,403
2015,-0.3694973,403
2016,-0.5562778,403
2017,-0.453889,403
2018,-0.2718964,403
2019,-0.5033774,403
2020,-0.4913459,403
2021,-0.4301338,403
2022,-0.3373688,403
2023,-0.1418821,403
2024,-0.07301396,403
1995,-0.3048957,404
1996,-0.6226985,404
1997,-0.7000803,404
1998,-0.7413915,404
1999,-0.7061746,404
2000,-0.7061746,404
2001,-0.7061746,404
2002,-0.7485127,404
2003,-0.7280206,404
2004,-0.3911851,404
2005,-0.4143881,404
2006,-0.3653497,404
2007,-0.5351622,404
2008,-0.3841236,404
2009,-0.4890879,404
2010,-0.5285833,404
2011,-0.4057965,404
2012,-0.4055593,404
2013,-0.5510383,404
2014,-0.4336878,404
2015,-0.5472184,404
2016,-0.6233249,404
2017,-0.6465709,404
2018,-0.4307526,404
2019,-0.45201,404
2020,-0.5470452,404
2021,-0.547874,404
2022,-0.6181502,404
2023,-0.6866403,404
2024,-0.6483702,404
1995,0.1305379,411
1996,0.1261825,411
1997,-0.2058384,411
1998,-0.1907041,411
1999,-0.2129664,411
2000,-0.5596482,411
2001,-0.6561386,411
2002,-0.8417182,411
2003,0.03300428,411
2004,-0.1187618,411
2005,-0.1246716,411
2006,0.1749495,411
2007,-0.04924433,411
2008,-0.435381,411
2009,-0.6426515,411
2010,-0.622915,411
2011,-0.1934951,411
2012,-0.4237563,411
2013,-0.3289995,411
2014,-0.6443474,411
2015,-0.7349621,411
2016,-0.6808187,411
2017,-0.4159551,411
2018,-0.3720812,411
2019,-0.6200231,411
2020,-0.5072411,411
2021,-0.7840986,411
2022,-0.7729372,411
2023,-0.7285041,411
2024,-0.7367044,411
1995,-1.026002,420
1996,-0.8048992,420
1997,-0.8048992,420
1998,-0.328483,420
1999,-0.6869117,420
2000,-0.8608366,420
2001,-0.6439941,420
2002,-0.8862625,420
2003,-0.7747976,420
2004,-0.8193428,420
2005,-1.204664,420
2006,-0.8875337,420
2007,-0.9965193,420
2008,-0.8895316,420
2009,-0.6712151,420
2010,-0.5775453,420
2011,-0.4585862,420
2012,-0.3246864,420
2013,-0.5201579,420
2014,-0.7704338,420
2015,-0.812518,420
2016,-0.7864853,420
2017,-0.5769013,420
2018,-0.4357658,420
2019,-0.5017298,420
2020,-0.450388,420
2021,-0.4406241,420
2022,-0.4384455,420
2023,-0.4171689,420
2024,-0.2703811,420
1995,-0.5366731,432
1996,-0.5472821,432
1997,-0.7120206,432
1998,-0.7377783,432
1999,-0.7728704,432
2000,-0.6244778,432
2001,-0.6724811,432
2002,-0.7532804,432
2003,-0.6315744,432
2004,-0.598616,432
2005,-0.5471233,432
2006,-0.5843109,432
2007,-0.6447069,432
2008,-0.5567149,432
2009,-0.6831197,432
2010,-0.6454678,432
2011,-0.6503635,432
2012,-0.5470637,432
2013,-0.4698686,432
2014,-0.6699615,432
2015,-0.9012654,432
2016,-0.6814669,432
2017,-0.1797698,432
2018,-0.3331458,432
2019,-0.2155239,432
2020,-0.1599297,432
2021,-0.8512353,432
2022,-1.032438,432
2023,-0.3004075,432
2024,-0.8810588,432
1995,-0.5987637,433
1996,-0.3666796,433
1997,-0.295616,433
1998,-0.3466327,433
1999,-0.3209296,433
2000,-0.3805672,433
2001,-0.4698784,433
2002,-0.4621751,433
2003,-0.7319238,433
2004,-0.7418826,433
2005,-0.6826491,433
2006,-0.6628692,433
2007,-0.6677563,433
2008,-0.708163,433
2009,-0.6629385,433
2010,-0.6613761,433
2011,-0.4549156,433
2012,-0.4342565,433
2013,-0.5040476,433
2014,-0.643381,433
2015,-0.6648562,433
2016,-0.548113,433
2017,-0.5476445,433
2018,-0.3699812,433
2019,-0.5670277,433
2020,-0.5526553,433
2021,-0.4658643,433
2022,-0.5384341,433
2023,-0.5786949,433
2024,-0.5766756,433
1995,-0.2863901,434
1996,-0.6338669,434
1997,-0.7565579,434
1998,-0.8247873,434
1999,-0.8114548,434
2000,-0.5604729,434
2001,-0.6194931,434
2002,-0.8111621,434
2003,-0.6825557,434
2004,-0.3892322,434
2005,-0.5397026,434
2006,-0.5640228,434
2007,-0.4557576,434
2008,-0.4360845,434
2009,-0.2436378,434
2010,-0.1094439,434
2011,-0.3730725,434
2012,-0.4634474,434
2013,-0.5657013,434
2014,-0.4123772,434
2015,-0.5018561,434
2016,-0.5433867,434
2017,-0.5709739,434
2018,-0.4584498,434
2019,-0.499649,434
2020,-0.3895772,434
2021,-0.5533896,434
2022,-0.3200109,434
2023,-0.3101566,434
2024,-0.2126276,434
1995,-0.706916,435
1996,-0.4286452,435
1997,-0.5217202,435
1998,-0.6703558,435
1999,-0.6703558,435
2000,-1.26731,435
2001,-1.184581,435
2002,-0.7931338,435
2003,-1.144641,435
2004,-1.124247,435
2005,-0.3836768,435
2006,-0.7536272,435
2007,-0.4935417,435
2008,-0.7759656,435
2009,-0.9499631,435
2010,-0.8176755,435
2011,-0.7063782,435
2012,-0.613455,435
2013,-0.5837278,435
2014,-0.6720043,435
2015,-0.8521318,435
2016,-0.7922967,435
2017,-0.6427051,435
2018,-0.7360937,435
2019,-0.8707044,435
2020,-0.723141,435
2021,-0.6423805,435
2022,-0.6585021,435
2023,-0.7482944,435
2024,-0.7038934,435
1995,-0.7863452,436
1996,-0.9497791,436
1997,-1.038257,436
1998,-0.7211754,436
1999,-0.7211754,436
2000,-0.7211754,436
2001,-0.7211754,436
2002,-0.7211754,436
2003,-0.9385983,436
2004,-0.8387425,436
2005,-0.4472891,436
2006,-0.682182,436
2007,-0.6730477,436
2008,-0.7338633,436
2009,-0.678195,436
2010,-0.5687309,436
2011,-0.7699958,436
2012,-0.4975212,436
2013,-0.6289832,436
2014,-0.6162469,436
2015,-0.882433,436
2016,-0.5608896,436
2017,-0.6100947,436
2018,-0.7478432,436
2019,-0.6289789,436
2020,-0.3227245,436
2021,-0.5236185,436
2022,-0.4646718,436
2023,-0.6162385,436
2024,-0.5762158,436
1995,-0.1876362,437
1996,-0.2592274,437
1997,-0.6929197,437
1998,-0.6935512,437
1999,-0.6802703,437
2000,-0.5006267,437
2001,-0.6716359,437
2002,-0.5526984,437
2003,-0.6697204,437
2004,-0.1663422,437
2005,-0.3041842,437
2006,-0.06513306,437
2007,0.1090508,437
2008,-0.08869421,437
2009,-0.09963894,437
2010,0.1063789,437
2011,-0.06070975,437
2012,-0.3675485,437
2013,-0.2337474,437
2014,-0.06871958,437
2015,-0.1536604,437
2016,-0.03725941,437
2017,-0.3845225,437
2018,-0.0360558,437
2019,-0.1870086,437
2020,-0.2117096,437
2021,-0.1499886,437
2022,-0.1053294,437
2023,0.01496877,437
2024,0.01496877,437
1995,-0.436502,438
1996,-0.763575,438
1997,-0.7046781,438
1998,-0.7805992,438
1999,-0.6732403,438
2000,-0.4832094,438
2001,-0.4256448,438
2002,-0.6854835,438
2003,-0.7379061,438
2004,-0.6450036,438
2005,-0.6280681,438
2006,-0.8715312,438
2007,-0.7750621,438
2008,-0.8062919,438
2009,-0.6960709,438
2010,-0.993232,438
2011,-0.5943913,438
2012,-0.5333417,438
2013,-0.5848792,438
2014,-0.5763592,438
2015,-0.7962986,438
2016,-0.6889368,438
2017,-0.7850316,438
2018,-0.639634,438
2019,-0.7600284,438
2020,-0.5143523,438
2021,-0.5376566,438
2022,-0.4946857,438
2023,-0.4070321,438
2024,-0.5143068,438
1995,-0.7800681,439
1996,-0.7966076,439
1997,-0.754109,439
1998,-0.7448847,439
1999,-0.9189294,439
2000,-0.6957154,439
2001,-0.7983606,439
2002,-0.8761363,439
2003,-0.7398405,439
2004,-0.5448048,439
2005,-0.4086538,439
2006,-0.5352556,439
2007,-0.570942,439
2008,-0.4509382,439
2009,-0.3922903,439
2010,-0.5322089,439
2011,-0.5161484,439
2012,-0.3406767,439
2013,-0.4786149,439
2014,-0.5098954,439
2015,-0.5404722,439
2016,-0.4993514,439
2017,-0.5903288,439
2018,-0.5017559,439
2019,-0.4729757,439
2020,-0.4741288,439
2021,-0.6421437,439
2022,-0.5108737,439
2023,-0.5665223,439
2024,-0.5689338,439
1995,-0.5571834,450
1996,-0.5571834,450
1997,-0.4408883,450
1998,-0.4148896,450
1999,-0.4148896,450
2000,-0.4148896,450
2001,-0.4148896,450
2002,-0.4148896,450
2003,-0.4148896,450
2004,-0.3781181,450
2005,-0.3977119,450
2006,-0.4013521,450
2007,-0.3365996,450
2008,-0.1453402,450
2009,-0.1373528,450
2010,-0.2342472,450
2011,-0.3116411,450
2012,-0.0882202,450
2013,-0.3037948,450
2014,-0.08474554,450
2015,-0.04116868,450
2016,-0.2594188,450
2017,-0.2157515,450
2018,0.1912051,450
2019,0.3530553,450
2020,0.2377381,450
2021,0.3348377,450
2022,0.9488586,450
2023,0.3832396,450
2024,0.401217,450
1995,-0.5163751,451
1996,-0.3547166,451
1997,-0.4883253,451
1998,-0.4824721,451
1999,-0.2500027,451
2000,-0.4717948,451
2001,-0.4746474,451
2002,-0.7177349,451
2003,-0.4225152,451
2004,-0.5249749,451
2005,-0.6657592,451
2006,-0.5836541,451
2007,-0.561334,451
2008,-0.6194071,451
2009,-0.4253755,451
2010,-0.4484093,451
2011,-0.4531716,451
2012,-0.4527068,451
2013,-0.4778913,451
2014,-0.3518583,451
2015,-0.5187642,451
2016,-0.3791905,451
2017,-0.5478445,451
2018,-0.5401295,451
2019,-0.5414383,451
2020,-0.5306065,451
2021,-0.5525593,451
2022,-0.3620056,451
2023,-0.2749398,451
2024,-0.1512271,451
1995,-0.8915832,452
1996,-1.136483,452
1997,-1.105801,452
1998,-0.8429485,452
1999,-0.6762282,452
2000,-0.6566093,452
2001,-0.6170525,452
2002,-0.7106139,452
2003,-0.5375594,452
2004,-0.555924,452
2005,-0.4599833,452
2006,-0.4355225,452
2007,-0.34461,452
2008,-0.3845641,452
2009,-0.3658354,452
2010,-0.4827755,452
2011,-0.4793834,452
2012,-0.5606808,452
2013,-0.6218412,452
2014,-0.3340852,452
2015,-0.3018123,452
2016,-0.4236068,452
2017,-0.3907172,452
2018,-0.1758227,452
2019,-0.1614327,452
2020,-0.4658052,452
2021,-0.3977788,452
2022,-0.3520806,452
2023,-0.4322827,452
2024,-0.3704398,452
1995,-0.8700785,461
1996,-0.6475092,461
1997,-0.8835199,461
1998,-0.5640136,461
1999,-0.5351994,461
2000,-0.8286903,461
2001,-0.7877669,461
2002,-0.7752997,461
2003,-0.8266342,461
2004,-0.6401638,461
2005,-0.6336638,461
2006,-0.6821972,461
2007,-0.6631091,461
2008,-0.4835743,461
2009,-0.4449106,461
2010,-0.4353842,461
2011,-0.4380788,461
2012,-0.0888616,461
2013,-0.1838774,461
2014,-0.1844985,461
2015,-0.1363093,461
2016,0.08971852,461
2017,0.03507311,461
2018,0.02876001,461
2019,-0.04191217,461
2020,-0.05483523,461
2021,-0.100082,461
2022,-0.3816319,461
2023,-0.3626857,461
2024,-0.4819562,461
1995,-0.4486394,471
1996,-0.4311689,471
1997,-0.5504289,471
1998,-0.2965594,471
1999,-0.4660285,471
2000,-0.6006278,471
2001,-0.4206165,471
2002,-0.2851917,471
2003,-0.02783772,471
2004,0.11293,471
2005,0.03324097,471
2006,0.08193463,471
2007,0.1228059,471
2008,0.1726108,471
2009,0.1739748,471
2010,0.1812197,471
2011,0.1551007,471
2012,0.1886256,471
2013,0.1573583,471
2014,0.04119239,471
2015,-0.03976432,471
2016,0.06010291,471
2017,0.08495247,471
2018,-0.03253707,471
2019,-0.000189267,471
2020,0.000936876,471
2021,-0.06075122,471
2022,-0.1849281,471
2023,-0.1967233,471
2024,-0.2298168,471
1995,-1.406301,475
1996,-1.470334,475
1997,-1.550045,475
1998,-1.128287,475
1999,-0.4186332,475
2000,-0.6389362,475
2001,-0.6122495,475
2002,-0.6632517,475
2003,-0.6138721,475
2004,-0.8282655,475
2005,-0.4284744,475
2006,-0.3458015,475
2007,-0.388464,475
2008,-0.6453165,475
2009,-0.5828131,475
2010,-0.3901433,475
2011,-0.5328206,475
2012,-0.5386445,475
2013,-0.6285706,475
2014,-0.6232341,475
2015,-0.8553165,475
2016,-0.7277958,475
2017,-0.4802363,475
2018,-0.488532,475
2019,-0.4425437,475
2020,-0.3022192,475
2021,-0.5339874,475
2022,-0.6161159,475
2023,-0.5779819,475
2024,-0.6263879,475
1995,-0.21906,481
1996,-0.595938,481
1997,-0.7044603,481
1998,-0.3270669,481
1999,-0.7371017,481
2000,-0.6916007,481
2001,-0.5419267,481
2002,-0.6045822,481
2003,-0.6960572,481
2004,-0.6327475,481
2005,-0.7405517,481
2006,-0.7211993,481
2007,-0.615907,481
2008,-0.6664661,481
2009,-0.5744734,481
2010,-0.3582351,481
2011,-0.4322124,481
2012,-0.2576389,481
2013,-0.4290407,481
2014,-0.6414698,481
2015,-0.2637106,481
2016,-0.3129934,481
2017,-0.3915907,481
2018,-0.3141546,481
2019,-0.6792362,481
2020,-0.5459827,481
2021,-0.1919823,481
2022,-0.6469779,481
2023,-0.4984541,481
2024,-0.55018,481
1995,-0.5147406,482
1996,-0.5147406,482
1997,-0.5147406,482
1998,-0.5147406,482
1999,-0.5147406,482
2000,-0.5147406,482
2001,-0.5147406,482
2002,-0.5147406,482
2003,-0.4441951,482
2004,-0.4301596,482
2005,-0.2126129,482
2006,-0.4501038,482
2007,-0.5508039,482
2008,-0.4936411,482
2009,-0.5011041,482
2010,-0.5138825,482
2011,-0.1917426,482
2012,-0.4231967,482
2013,-0.2625208,482
2014,0.02237972,482
2015,-0.1377177,482
2016,-0.2426162,482
2017,-0.06951663,482
2018,-0.1626441,482
2019,-0.02536044,482
2020,-0.04973828,482
2021,-0.5860109,482
2022,-0.9522843,482
2023,-0.3900819,482
2024,-0.4090171,482
1995,-0.8479966,483
1996,-0.8650534,483
1997,-0.9377632,483
1998,-0.5724594,483
1999,-1.114277,483
2000,-0.9611731,483
2001,-1.092674,483
2002,-0.972534,483
2003,-0.9845091,483
2004,-1.034125,483
2005,-1.028308,483
2006,-0.2041472,483
2007,-0.5105084,483
2008,-0.6398304,483
2009,-0.5733092,483
2010,-0.5714662,483
2011,-0.5597537,483
2012,-0.2110949,483
2013,-0.4014419,483
2014,-0.2326429,483
2015,-0.6274164,483
2016,-0.5461722,483
2017,-0.5995934,483
2018,-0.6612296,483
2019,-0.5697241,483
2020,-0.549368,483
2021,-0.621433,483
2022,-0.2748378,483
2023,-0.4871626,483
2024,-0.4501355,483
1995,-0.2484131,484
1996,-0.6396504,484
1997,-0.6209883,484
1998,-0.6209883,484
1999,-0.7589855,484
2000,-0.8189462,484
2001,-0.8595753,484
2002,-0.7091426,484
2003,-0.651266,484
2004,-0.7476564,484
2005,-0.7834604,484
2006,-0.7528646,484
2007,-0.5575236,484
2008,-0.5243904,484
2009,-0.5680499,484
2010,-0.5339476,484
2011,-0.5490733,484
2012,-0.5128929,484
2013,-0.5796195,484
2014,-0.6495102,484
2015,-0.7167837,484
2016,-0.694168,484
2017,-0.7267734,484
2018,-0.7117188,484
2019,-0.7730114,484
2020,-0.5930036,484
2021,-0.6121903,484
2022,-0.8196367,484
2023,-0.5570877,484
2024,-0.6024783,484
1995,-0.8055076,490
1996,-0.07080254,490
1997,-0.7201151,490
1998,-0.6170753,490
1999,-1.25521,490
2000,-1.270945,490
2001,-1.1788,490
2002,-1.079114,490
2003,-0.880478,490
2004,-0.6054649,490
2005,-0.3760871,490
2006,-1.115397,490
2007,-0.2696382,490
2008,-0.4915216,490
2009,-0.3944877,490
2010,-0.2751974,490
2011,-0.6920925,490
2012,-0.566659,490
2013,-0.6518232,490
2014,-0.6692385,490
2015,-0.7846424,490
2016,-0.4413901,490
2017,-0.5067838,490
2018,-0.243198,490
2019,-0.5279735,490
2020,-0.1000646,490
2021,-0.08816173,490
2022,-0.256349,490
2023,-0.06345676,490
2024,-0.08936348,490
1995,-0.7849952,500
1996,-0.9464044,500
1997,-0.8686134,500
1998,-0.7515043,500
1999,-0.6733627,500
2000,-0.6368133,500
2001,-0.6773442,500
2002,-0.6738449,500
2003,-0.146538,500
2004,-0.2270501,500
2005,-0.03827164,500
2006,0.11448,500
2007,-0.5000957,500
2008,-0.6213759,500
2009,-0.1938916,500
2010,-0.6838867,500
2011,-0.6440806,500
2012,-0.6851696,500
2013,-0.9611364,500
2014,-0.8763407,500
2015,-0.9376855,500
2016,-1.073464,500
2017,-1.049834,500
2018,-0.7483242,500
2019,-0.8216183,500
2020,-0.7717974,500
2021,-0.815201,500
2022,-0.7851699,500
2023,-0.5718778,500
2024,-0.6046197,500
1995,-0.2718414,501
1996,-0.2649182,501
1997,-0.6263233,501
1998,-0.4608673,501
1999,-0.5159744,501
2000,-0.3874428,501
2001,-0.4979918,501
2002,-0.5098759,501
2003,-0.6322103,501
2004,-0.1687332,501
2005,-0.4538971,501
2006,-0.332026,501
2007,-0.3546682,501
2008,-0.4962709,501
2009,-0.3988886,501
2010,-0.4764016,501
2011,-0.6803197,501
2012,-0.514285,501
2013,-0.4364752,501
2014,-0.4749907,501
2015,-0.5187952,501
2016,-0.7612487,501
2017,-0.7463884,501
2018,-0.6138629,501
2019,-0.4651798,501
2020,-0.626955,501
2021,-0.3376504,501
2022,-0.4063398,501
2023,-0.3527344,501
2024,-0.3182776,501
1995,-1.151597,510
1996,-1.07449,510
1997,-1.155559,510
1998,-0.8976146,510
1999,-1.06718,510
2000,-0.9004132,510
2001,-0.850969,510
2002,-0.6276683,510
2003,-0.5722877,510
2004,-0.6707161,510
2005,-0.4347714,510
2006,-0.1691213,510
2007,-0.3836995,510
2008,-0.4285036,510
2009,-0.3690702,510
2010,-0.3688028,510
2011,-0.4598524,510
2012,-0.6552883,510
2013,-0.6514842,510
2014,-0.7253036,510
2015,-0.8716189,510
2016,-0.7859632,510
2017,-0.7511503,510
2018,-0.6518549,510
2019,-0.6425981,510
2020,-0.6033982,510
2021,-0.4815984,510
2022,-0.6789308,510
2023,-0.3973397,510
2024,-0.4449392,510
1995,-0.8665779,516
1996,-0.6695098,516
1997,-0.6436319,516
1998,-0.3845209,516
1999,-0.3845209,516
2000,-0.6415737,516
2001,-0.5822641,516
2002,-0.7863082,516
2003,-0.3285651,516
2004,-0.1572444,516
2005,-0.4042664,516
2006,-0.003619002,516
2007,-0.07563263,516
2008,-0.2265792,516
2009,-0.2467916,516
2010,-0.2111635,516
2011,-0.2005014,516
2012,-0.163146,516
2013,-0.4815924,516
2014,-0.4618967,516
2015,-1.234376,516
2016,-1.362661,516
2017,-1.450862,516
2018,-1.20073,516
2019,-1.127754,516
2020,-1.312118,516
2021,-0.6386423,516
2022,-0.7608248,516
2023,-1.042358,516
2024,-1.173439,516
1995,-0.6789759,517
1996,-0.6360227,517
1997,0.3303372,517
1998,0.003035039,517
1999,-0.4638915,517
2000,-0.6094502,517
2001,-0.7853585,517
2002,-0.2374889,517
2003,0.1559871,517
2004,-0.6368118,517
2005,-0.615173,517
2006,-0.5513382,517
2007,-0.2610227,517
2008,-0.4233067,517
2009,-0.4019563,517
2010,-0.3848468,517
2011,-0.2357805,517
2012,-0.1644558,517
2013,-0.5527536,517
2014,-0.3733643,517
2015,-0.4170707,517
2016,-0.3591215,517
2017,-0.1816878,517
2018,-0.008147344,517
2019,-0.1514911,517
2020,-0.1966167,517
2021,-0.09706362,517
2022,-0.05556954,517
2023,-0.3546077,517
2024,-0.3310941,517
1995,-0.8966171,520
1996,-0.8966171,520
1997,-0.8966171,520
1998,-0.8966171,520
1999,-0.8966171,520
2000,-0.8966171,520
2001,-0.8966171,520
2002,-1.018056,520
2003,-1.04226,520
2004,-0.8169364,520
2005,-0.6787403,520
2006,-0.5875684,520
2007,-1.167732,520
2008,-1.088449,520
2009,-1.163308,520
2010,-0.9497715,520
2011,-0.862601,520
2012,-0.6069897,520
2013,-0.6254598,520
2014,-0.4322032,520
2015,-0.6427706,520
2016,-0.4302453,520
2017,-0.5837096,520
2018,-0.5551609,520
2019,-0.6021034,520
2020,-0.5959416,520
2021,-0.6903177,520
2022,-0.3855598,520
2023,-0.6683235,520
2024,-0.6703874,520
1995,-0.7607981,522
1996,-0.9031863,522
1997,-0.7141722,522
1998,-0.6396534,522
1999,-0.7144235,522
2000,-0.6547646,522
2001,-1.08697,522
2002,-0.9300398,522
2003,-1.01194,522
2004,-0.7991083,522
2005,-0.7255265,522
2006,-0.659774,522
2007,-0.7667036,522
2008,-0.8830845,522
2009,-0.9481801,522
2010,-0.5976384,522
2011,-0.7283532,522
2012,-0.6408831,522
2013,-0.6749657,522
2014,-0.6580891,522
2015,-0.6671819,522
2016,-0.7667508,522
2017,-0.6470021,522
2018,-0.3178454,522
2019,-0.3869276,522
2020,-0.5724375,522
2021,-0.5734361,522
2022,-0.5821569,522
2023,-0.612543,522
2024,-0.5698665,522
1995,-0.1419928,530
1996,-0.2735727,530
1997,-0.121847,530
1998,-0.3245824,530
1999,-0.4037675,530
2000,-0.3621734,530
2001,-0.5369938,530
2002,-0.2869139,530
2003,-0.2318986,530
2004,-0.4542958,530
2005,-0.3631916,530
2006,-0.3323751,530
2007,-0.4655995,530
2008,-0.4434697,530
2009,-0.4052991,530
2010,-0.4414834,530
2011,-0.3749244,530
2012,-0.4151624,530
2013,-0.5268955,530
2014,-0.5422199,530
2015,-0.534879,530
2016,-0.5249358,530
2017,-0.5379503,530
2018,-0.3597726,530
2019,-0.4494516,530
2020,-0.5018744,530
2021,-0.7671123,530
2022,-1.093639,530
2023,-0.4144613,530
2024,-0.4997205,530
1995,-0.1800461,531
1996,-0.5331802,531
1997,-0.4756833,531
1998,-0.8404184,531
1999,-0.5223267,531
2000,-0.4101709,531
2001,-0.4904648,531
2002,-0.5911068,531
2003,-0.5893099,531
2004,-0.5525664,531
2005,-0.5530452,531
2006,-0.5140729,531
2007,-0.5074074,531
2008,-0.5113359,531
2009,-0.592716,531
2010,-0.6350822,531
2011,-0.4771889,531
2012,-0.7163277,531
2013,-0.7056662,531
2014,-0.650373,531
2015,-0.6508365,531
2016,-0.643059,531
2017,-0.7730346,531
2018,-0.6213003,531
2019,-0.6739502,531
2020,-0.6543638,531
2021,-1.09395,531
2022,-1.112132,531
2023,-1.067858,531
2024,-1.309421,531
1995,-0.669348,540
1996,-0.6520247,540
1997,-0.5685935,540
1998,-0.6961579,540
1999,-0.7119236,540
2000,-0.28945,540
2001,-0.2489694,540
2002,-0.7160228,540
2003,-0.2910914,540
2004,-0.4988108,540
2005,-0.4605714,540
2006,-0.32708,540
2007,-0.2267119,540
2008,-0.4997467,540
2009,-0.5815625,540
2010,-0.6598381,540
2011,-0.5438058,540
2012,-0.598664,540
2013,-0.6397819,540
2014,-0.6775688,540
2015,-0.9848107,540
2016,-0.7399066,540
2017,-0.457118,540
2018,-0.5848,540
2019,-0.5700982,540
2020,-0.4397965,540
2021,-0.6382274,540
2022,-0.6448259,540
2023,-0.4986542,540
2024,-0.5722157,540
1995,-0.6131497,541
1996,-0.5042155,541
1997,-0.6209008,541
1998,-0.4750271,541
1999,-0.7007472,541
2000,-0.6613512,541
2001,-0.6129868,541
2002,-0.6117027,541
2003,-0.6377861,541
2004,-0.5803039,541
2005,-0.5725131,541
2006,-0.5792619,541
2007,-0.5535342,541
2008,-0.5374372,541
2009,-0.5673436,541
2010,-0.6213492,541
2011,-0.6285904,541
2012,-0.2948906,541
2013,-0.6131127,541
2014,-0.7131543,541
2015,-0.8003239,541
2016,-0.7041587,541
2017,-0.7476183,541
2018,-0.6155506,541
2019,-0.5980959,541
2020,-0.5632151,541
2021,-0.5887042,541
2022,-0.6748456,541
2023,-0.5789204,541
2024,-0.4456814,541
1995,-0.3168702,551
1996,-0.4075063,551
1997,-0.2340077,551
1998,0.1248154,551
1999,-0.3665454,551
2000,-0.6011783,551
2001,-0.5075585,551
2002,-0.65728,551
2003,-0.6339321,551
2004,-0.5811898,551
2005,-0.4210537,551
2006,-0.5781441,551
2007,-0.6582833,551
2008,-0.5154696,551
2009,-0.4593725,551
2010,-0.4544065,551
2011,-0.7173974,551
2012,-0.3056526,551
2013,-0.6158332,551
2014,-0.6424335,551
2015,-0.51609,551
2016,-0.5846669,551
2017,-0.6862376,551
2018,-0.72599,551
2019,-0.577751,551
2020,-0.613813,551
2021,-0.2661848,551
2022,-0.4021828,551
2023,-0.2925892,551
2024,-0.1687297,551
1995,-0.8410641,552
1996,-0.711138,552
1997,-0.8155606,552
1998,-1.092703,552
1999,-0.7302028,552
2000,-0.6546726,552
2001,-0.6100935,552
2002,-0.9078435,552
2003,-0.8249324,552
2004,-1.120349,552
2005,-0.9824551,552
2006,-1.11551,552
2007,-1.297525,552
2008,-1.232652,552
2009,-1.163,552
2010,-1.233419,552
2011,-1.170524,552
2012,-1.389472,552
2013,-1.657013,552
2014,-1.633469,552
2015,-1.574022,552
2016,-1.647513,552
2017,-1.849965,552
2018,-1.440275,552
2019,-0.5403586,552
2020,-0.5112303,552
2021,-0.9312207,552
2022,-1.239423,552
2023,-0.7900854,552
2024,-0.904966,552
1995,-0.3249127,553
1996,-0.2264103,553
1997,-0.2083667,553
1998,-0.3874054,553
1999,-0.1345296,553
2000,-0.4948654,553
2001,-0.2084007,553
2002,-0.4281775,553
2003,-0.3815508,553
2004,0.03565548,553
2005,-0.3661462,553
2006,0.03340946,553
2007,-0.2356909,553
2008,-0.4784667,553
2009,-0.3611647,553
2010,-0.3545393,553
2011,-0.3430378,553
2012,-0.1265021,553
2013,-0.03572064,553
2014,-0.2939611,553
2015,-0.4250679,553
2016,-0.2466077,553
2017,-0.4353102,553
2018,-0.1705844,553
2019,-0.3581676,553
2020,-0.1288187,553
2021,-0.2351323,553
2022,0.1336926,553
2023,-0.08932623,553
2024,0.1164922,553
1995,-0.1719132,560
1996,-0.1138653,560
1997,0.003107456,560
1998,-0.04402444,560
1999,0.05361423,560
2000,0.05519926,560
2001,-0.07321,560
2002,-0.3032444,560
2003,-0.3492519,560
2004,-0.419552,560
2005,-0.3989885,560
2006,-0.4321932,560
2007,-0.5276887,560
2008,-0.4699535,560
2009,-0.4571755,560
2010,-0.4019122,560
2011,-0.6032846,560
2012,-0.3572289,560
2013,-0.4235732,560
2014,-0.4702339,560
2015,-0.4528035,560
2016,-0.5007284,560
2017,-0.540896,560
2018,-0.5117782,560
2019,-0.398448,560
2020,-0.4101305,560
2021,-0.4354872,560
2022,-0.6402986,560
2023,-0.5336614,560
2024,-0.5566185,560
1995,-0.792598,565
1996,-0.6828565,565
1997,-0.7576483,565
1998,-0.5502643,565
1999,-0.6894826,565
2000,-0.6089811,565
2001,-0.6022572,565
2002,-0.5311176,565
2003,-0.6739166,565
2004,-0.5905771,565
2005,-0.4230967,565
2006,-0.5735271,565
2007,-0.5400545,565
2008,-0.5092596,565
2009,-0.7680407,565
2010,-0.6462147,565
2011,-0.6730075,565
2012,-0.7744908,565
2013,-0.7433881,565
2014,-0.7476124,565
2015,-0.9643441,565
2016,-0.7115908,565
2017,-0.7605533,565
2018,-0.6980747,565
2019,-0.5368532,565
2020,-0.612934,565
2021,-0.5304998,565
2022,-0.694888,565
2023,-0.6145142,565
2024,-0.6470946,565
1995,-0.1699744,570
1996,-0.311284,570
1997,-0.7934896,570
1998,-0.4131928,570
1999,-0.4317839,570
2000,-0.4078934,570
2001,-0.4800639,570
2002,-0.4606268,570
2003,-0.7223638,570
2004,-0.5852416,570
2005,-0.4939402,570
2006,-0.5020738,570
2007,-0.5688145,570
2008,-0.5852029,570
2009,-0.4766195,570
2010,-0.5093,570
2011,-0.6726089,570
2012,-0.4839875,570
2013,-0.6214031,570
2014,-0.732026,570
2015,-0.50252,570
2016,-0.688646,570
2017,-0.7054792,570
2018,-0.3414923,570
2019,-0.4015532,570
2020,-0.3053427,570
2021,-0.325535,570
2022,-0.4140794,570
2023,-0.5325039,570
2024,-0.5574302,570
1995,-0.3068457,571
1996,-0.3853041,571
1997,-0.4332418,571
1998,-0.4326198,571
1999,-0.4862412,571
2000,-0.5233357,571
2001,-0.4491689,571
2002,-0.4488009,571
2003,-0.4731443,571
2004,-0.5753177,571
2005,-0.4406487,571
2006,-0.3181271,571
2007,-0.4609848,571
2008,-0.2031956,571
2009,-0.2470634,571
2010,-0.2597123,571
2011,-0.2875215,571
2012,-0.3695204,571
2013,-0.3026586,571
2014,-0.4394736,571
2015,-0.4360752,571
2016,-0.3731961,571
2017,-0.4121622,571
2018,-0.2723534,571
2019,-0.3517117,571
2020,-0.3127186,571
2021,-0.3331244,571
2022,-0.4561569,571
2023,-0.3906024,571
2024,-0.2985579,571
1995,0.07098784,572
1996,-0.0498997,572
1997,0.07472387,572
1998,0.04928278,572
1999,-0.1351643,572
2000,-0.6094342,572
2001,-0.7667119,572
2002,-0.5714239,572
2003,-0.5052527,572
2004,-0.4881936,572
2005,-0.614455,572
2006,-0.3272712,572
2007,-0.6886852,572
2008,-0.6342521,572
2009,-0.5806994,572
2010,-0.6940517,572
2011,-0.8256335,572
2012,-0.7104596,572
2013,-0.7612352,572
2014,-0.6444473,572
2015,-0.6515018,572
2016,-0.6372479,572
2017,-0.741195,572
2018,-0.1034725,572
2019,-0.2072533,572
2020,-0.4002147,572
2021,-0.5488473,572
2022,-0.4593517,572
2023,-0.3720871,572
2024,-0.5218898,572
1995,-0.6304727,580
1996,-0.486083,580
1997,-0.3750254,580
1998,-0.620791,580
1999,-0.4222686,580
2000,-0.69061,580
2001,-0.4344323,580
2002,-0.1817289,580
2003,-0.4822149,580
2004,-0.5433949,580
2005,-0.395764,580
2006,-0.3057112,580
2007,-0.2432836,580
2008,-0.3694386,580
2009,-0.363243,580
2010,-0.4225211,580
2011,-0.4127192,580
2012,-0.4596399,580
2013,-0.4587455,580
2014,0.05640326,580
2015,-0.460088,580
2016,-0.5492876,580
2017,-0.5507053,580
2018,-0.6988347,580
2019,-0.571754,580
2020,-0.07049452,580
2021,-0.2851719,580
2022,-0.5224782,580
2023,-0.4777352,580
2024,-0.5435435,580
1995,-0.2232271,581
1996,-0.2232271,581
1997,-0.9140565,581
1998,-0.2763772,581
1999,-0.7372986,581
2000,-0.778101,581
2001,-0.9052413,581
2002,-0.914554,581
2003,-1.008447,581
2004,-0.9465459,581
2005,-0.9907292,581
2006,-0.7099414,581
2007,-0.9094364,581
2008,-0.7844915,581
2009,-0.4101022,581
2010,-0.7951844,581
2011,-0.7020846,581
2012,-0.6246661,581
2013,-0.4268552,581
2014,-0.812937,581
2015,-0.8071203,581
2016,-0.6644117,581
2017,-0.5935685,581
2018,-0.7966819,581
2019,-0.6026621,581
2020,-0.3531496,581
2021,-1.129961,581
2022,-0.3380487,581
2023,-0.5798132,581
2024,-0.4634777,581
1995,-0.3179791,590
1996,-0.1851745,590
1997,-0.1434343,590
1998,-0.2635632,590
1999,-0.3075025,590
2000,-0.3370765,590
2001,-0.249073,590
2002,-0.3083045,590
2003,-0.301831,590
2004,-0.4285794,590
2005,-0.480813,590
2006,-0.357731,590
2007,-0.3649221,590
2008,-0.3685746,590
2009,-0.3612631,590
2010,-0.4352974,590
2011,-0.3749907,590
2012,-0.500017,590
2013,-0.4805463,590
2014,-0.4571225,590
2015,-0.2784049,590
2016,-0.4195983,590
2017,-0.6307793,590
2018,-0.4952827,590
2019,-0.4823681,590
2020,-0.52799,590
2021,-0.4911847,590
2022,-0.3908485,590
2023,-0.3424369,590
2024,-0.3138617,590
1995,-0.6981529,591
1996,-0.4903888,591
1997,-0.4903888,591
1998,-0.4207095,591
1999,-0.6171174,591
2000,-0.6171174,591
2001,-0.4533546,591
2002,-0.4440805,591
2003,-0.6515459,591
2004,-0.628762,591
2005,-0.6172365,591
2006,-0.8716441,591
2007,-0.8701639,591
2008,-0.8484648,591
2009,-0.7802383,591
2010,-0.6904299,591
2011,-0.3562697,591
2012,-0.136204,591
2013,-0.3896056,591
2014,-0.3564078,591
2015,-0.584471,591
2016,-0.6203291,591
2017,-0.3755699,591
2018,-0.4434223,591
2019,-0.3995281,591
2020,-0.3700588,591
2021,-0.4796965,591
2022,-0.01080623,591
2023,-0.2392918,591
2024,-0.1865599,591
1995,-0.1712663,600
1996,-0.6711866,600
1997,-0.669501,600
1998,-0.7433172,600
1999,-0.7403779,600
2000,-0.4766982,600
2001,-0.8610457,600
2002,-1.036503,600
2003,-1.056734,600
2004,-0.9389224,600
2005,-0.9165517,600
2006,-0.7177559,600
2007,-0.5763378,600
2008,-0.591657,600
2009,-0.651615,600
2010,-0.4928595,600
2011,-0.6019688,600
2012,-0.5629636,600
2013,-0.6612927,600
2014,-0.6300591,600
2015,-0.5024163,600
2016,-0.6180864,600
2017,-0.3595598,600
2018,-0.4792111,600
2019,-0.555697,600
2020,-0.6549108,600
2021,-0.3913088,600
2022,-0.5439243,600
2023,-0.3902552,600
2024,-0.4507363,600
1995,-0.8931186,615
1996,-0.9334053,615
1997,-0.8229234,615
1998,-0.6891415,615
1999,-0.8241956,615
2000,-1.125457,615
2001,-1.136298,615
2002,-1.093866,615
2003,-1.035253,615
2004,-0.97273,615
2005,-0.8029068,615
2006,-1.207856,615
2007,-1.186769,615
2008,-1.097547,615
2009,-1.273435,615
2010,-1.17933,615
2011,-1.247325,615
2012,-0.9066148,615
2013,-0.941113,615
2014,-0.8966733,615
2015,-1.194485,615
2016,-1.279879,615
2017,-0.9425199,615
2018,-0.8752665,615
2019,-0.8281912,615
2020,-1.014351,615
2021,-1.026441,615
2022,-1.15322,615
2023,-0.9220066,615
2024,-0.8277778,615
1995,-0.7312505,616
1996,-0.7446939,616
1997,-0.6791698,616
1998,-0.8176652,616
1999,-0.7560579,616
2000,-0.9860204,616
2001,-1.123418,616
2002,-1.075752,616
2003,-1.2168,616
2004,-0.997944,616
2005,-0.7367286,616
2006,-0.9910044,616
2007,-0.5024011,616
2008,-0.8126517,616
2009,-0.9897898,616
2010,-0.8809807,616
2011,-0.5276155,616
2012,-0.5948371,616
2013,-0.6623275,616
2014,-0.5350535,616
2015,-0.5902282,616
2016,-0.6472114,616
2017,-0.7215944,616
2018,-0.6602018,616
2019,-0.685353,616
2020,-0.761144,616
2021,-0.560284,616
2022,-0.6210231,616
2023,-0.5190111,616
2024,-0.5446743,616
1995,-2.063271,620
1996,-1.944629,620
1997,-1.959613,620
1998,-1.515133,620
1999,-1.347302,620
2000,-1.648108,620
2001,-1.572335,620
2002,-1.490681,620
2003,-1.424594,620
2004,-1.195757,620
2005,-1.146583,620
2006,-1.408787,620
2007,-1.412929,620
2008,-1.446013,620
2009,-1.330377,620
2010,-1.177793,620
2011,-0.6009762,620
2012,-0.5878193,620
2013,-0.6607593,620
2014,-0.5041011,620
2015,-0.7582919,620
2016,-0.8269094,620
2017,-0.7957034,620
2018,-0.5857168,620
2019,-0.4453623,620
2020,-0.5434078,620
2021,-0.7321534,620
2022,-0.6332261,620
2023,-0.7396242,620
2024,-0.691631,620
1995,-2.003659,625
1996,-1.60583,625
1997,-1.606143,625
1998,-1.303005,625
1999,-1.431441,625
2000,-1.371249,625
2001,-1.399959,625
2002,-1.472896,625
2003,-1.215683,625
2004,-1.008427,625
2005,-1.047133,625
2006,-1.291907,625
2007,-1.327554,625
2008,-1.440815,625
2009,-1.390751,625
2010,-1.246382,625
2011,-1.236491,625
2012,-0.9720493,625
2013,-1.241636,625
2014,-1.354343,625
2015,-1.653806,625
2016,-1.269859,625
2017,-1.215995,625
2018,-1.15508,625
2019,-1.086659,625
2020,-1.23013,625
2021,-0.9845103,625
2022,-0.8773859,625
2023,-0.9983955,625
2024,-1.046729,625
1995,-0.03944929,626
1996,-0.03944929,626
1997,-0.03944929,626
1998,-0.03944929,626
1999,-0.03944929,626
2000,-0.03944929,626
2001,-0.03944929,626
2002,-0.03944929,626
2003,-0.03944929,626
2004,-0.03944929,626
2005,-0.03944929,626
2006,-0.03944929,626
2007,-0.03944929,626
2008,-0.03944929,626
2009,-0.03944929,626
2010,-0.03944929,626
2011,-0.03944929,626
2012,0.2453487,626
2013,0.2762597,626
2014,0.3007296,626
2015,-0.002192711,626
2016,0.2488483,626
2017,0.5383801,626
2018,-0.03339958,626
2019,0.03532032,626
2020,-0.338401,626
2021,-0.2376042,626
2022,-0.1448808,626
2023,0.3734936,626
2024,0.240049,626
1995,-1.619638,630
1996,-1.801243,630
1997,-1.738585,630
1998,-1.436994,630
1999,-1.087164,630
2000,-1.177687,630
2001,-1.403221,630
2002,-1.175049,630
2003,-1.21953,630
2004,-1.225324,630
2005,-1.499659,630
2006,-1.308255,630
2007,-1.327055,630
2008,-1.752648,630
2009,-1.50132,630
2010,-2.047268,630
2011,-1.542231,630
2012,-1.863272,630
2013,-1.692248,630
2014,-1.681127,630
2015,-1.317597,630
2016,-1.953435,630
2017,-1.347532,630
2018,-1.782072,630
2019,-1.58928,630
2020,-1.5302,630
2021,-1.888897,630
2022,-1.567665,630
2023,-1.402609,630
2024,-1.210347,630
1995,0.8487538,640
1996,0.7822344,640
1997,0.6699747,640
1998,0.6001979,640
1999,0.601682,640
2000,0.6467229,640
2001,0.6216882,640
2002,0.6633576,640
2003,0.5261156,640
2004,0.5861972,640
2005,0.5772899,640
2006,0.5328956,640
2007,0.5071853,640
2008,0.4364981,640
2009,0.4630744,640
2010,0.4222862,640
2011,0.4726266,640
2012,0.4040547,640
2013,0.4531838,640
2014,0.4755018,640
2015,0.5658679,640
2016,0.630917,640
2017,0.6302404,640
2018,0.5388697,640
2019,0.5552122,640
2020,0.5484251,640
2021,0.6608287,640
2022,0.4869719,640
2023,0.5918469,640
2024,0.5240251,640
1995,-1.191411,645
1996,-1.191411,645
1997,-1.191411,645
1998,-1.191411,645
1999,-1.191411,645
2000,-1.191411,645
2001,-1.191411,645
2002,-1.191411,645
2003,-1.191411,645
2004,-1.191411,645
2005,-0.3468631,645
2006,-0.7094126,645
2007,-0.5769958,645
2008,-0.6501695,645
2009,-0.7672903,645
2010,-0.5570545,645
2011,-0.5977534,645
2012,-0.6562061,645
2013,-0.7347395,645
2014,-0.8523417,645
2015,-0.9117594,645
2016,-1.136262,645
2017,-0.7517407,645
2018,-0.803076,645
2019,-0.8527557,645
2020,-0.7850161,645
2021,-0.7017733,645
2022,-0.810205,645
2023,-0.7654132,645
2024,-0.6883762,645
1995,-0.7466882,651
1996,-0.8465837,651
1997,-0.7966387,651
1998,-0.8344512,651
1999,-0.9279205,651
2000,-1.151441,651
2001,-1.135053,651
2002,-1.17045,651
2003,-1.189973,651
2004,-1.13129,651
2005,-1.548363,651
2006,-1.400187,651
2007,-1.369472,651
2008,-1.439846,651
2009,-1.318555,651
2010,-1.304226,651
2011,-1.073303,651
2012,-1.080773,651
2013,-1.113085,651
2014,-1.369935,651
2015,-1.227037,651
2016,-1.186975,651
2017,-0.9915301,651
2018,-1.14676,651
2019,-1.007225,651
2020,-1.033611,651
2021,-1.068963,651
2022,-0.8002736,651
2023,-0.7781615,651
2024,-0.68803,651
1995,-1.569073,652
1996,-1.903581,652
1997,-1.644958,652
1998,-1.506419,652
1999,-1.425717,652
2000,-1.619383,652
2001,-1.149001,652
2002,-1.321575,652
2003,-1.021316,652
2004,-0.6967477,652
2005,-1.038116,652
2006,-1.310371,652
2007,-1.383307,652
2008,-1.576612,652
2009,-1.495577,652
2010,-1.816015,652
2011,-1.606181,652
2012,-1.871511,652
2013,-1.784927,652
2014,-1.640788,652
2015,-1.530488,652
2016,-2.002668,652
2017,-1.801025,652
2018,-1.774142,652
2019,-1.836913,652
2020,-1.529129,652
2021,-2.038363,652
2022,-1.879862,652
2023,-1.578401,652
2024,-1.660681,652
1995,-0.9189104,660
1996,-1.365462,660
1997,-0.9911954,660
1998,-1.284113,660
1999,-1.003204,660
2000,-0.9351356,660
2001,-1.118068,660
2002,-1.050032,660
2003,-1.191057,660
2004,-1.050632,660
2005,-0.7306455,660
2006,-0.7532907,660
2007,-0.6887952,660
2008,-0.7033149,660
2009,-0.7555338,660
2010,-0.8023048,660
2011,-0.9411627,660
2012,-1.051599,660
2013,-0.8728125,660
2014,-0.9853404,660
2015,-0.7853555,660
2016,-1.170258,660
2017,-1.041947,660
2018,-0.9838063,660
2019,-0.9700095,660
2020,-0.9459784,660
2021,-0.605891,660
2022,-0.7934142,660
2023,-0.7409824,660
2024,-0.7323823,660
1995,-0.7586361,663
1996,-0.5872562,663
1997,-0.5365168,663
1998,-0.8427314,663
1999,-0.7364055,663
2000,-1.104374,663
2001,-1.129218,663
2002,-1.143428,663
2003,-1.229897,663
2004,-0.5949721,663
2005,-0.8536133,663
2006,-0.5092816,663
2007,-0.6525277,663
2008,-0.6723398,663
2009,-0.7238163,663
2010,-0.5784473,663
2011,-0.6518448,663
2012,-0.5896775,663
2013,-0.5500884,663
2014,-0.5864084,663
2015,-0.6078272,663
2016,-0.8238851,663
2017,-0.7361505,663
2018,-0.6144704,663
2019,-0.7069685,663
2020,-0.5678596,663
2021,-0.5841226,663
2022,-0.5602723,663
2023,-0.6501634,663
2024,-0.6160089,663
1995,2.630925,666
1996,2.482828,666
1997,2.482468,666
1998,2.331618,666
1999,2.156267,666
2000,2.227383,666
2001,2.336214,666
2002,2.335204,666
2003,2.29453,666
2004,2.361197,666
2005,2.24121,666
2006,2.322653,666
2007,2.266112,666
2008,2.123844,666
2009,2.144256,666
2010,2.23153,666
2011,2.221664,666
2012,2.192187,666
2013,2.318036,666
2014,2.350005,666
2015,2.254779,666
2016,2.233809,666
2017,2.407126,666
2018,2.399608,666
2019,2.394956,666
2020,2.392537,666
2021,2.232462,666
2022,1.702948,666
2023,1.777334,666
2024,1.882582,666
1995,-0.7129522,670
1996,-0.7961306,670
1997,-0.6253529,670
1998,-0.7345906,670
1999,-0.5905102,670
2000,-1.027022,670
2001,-0.6202872,670
2002,-0.9065207,670
2003,-1.200383,670
2004,-1.139266,670
2005,-0.8976206,670
2006,-0.6165029,670
2007,-0.6986032,670
2008,-0.8836051,670
2009,-0.7364524,670
2010,-0.7301257,670
2011,-0.806091,670
2012,-0.917935,670
2013,-0.9069175,670
2014,-0.8494134,670
2015,-0.7790444,670
2016,-0.7159286,670
2017,-0.5755925,670
2018,-0.4998788,670
2019,-0.4307237,670
2020,-0.6483709,670
2021,-0.3345136,670
2022,-0.5614462,670
2023,-0.4789146,670
2024,-0.5319571,670
1995,-0.8124333,679
1996,-0.8352138,679
1997,-0.773444,679
1998,-0.801845,679
1999,-0.6993522,679
2000,-0.6942142,679
2001,-0.9811002,679
2002,-1.169154,679
2003,-1.186163,679
2004,-1.048947,679
2005,-1.028439,679
2006,-0.8484242,679
2007,-0.8147514,679
2008,-1.064307,679
2009,-1.004977,679
2010,-0.8125224,679
2011,-0.950529,679
2012,-1.007617,679
2013,-0.9420545,679
2014,-0.9823019,679
2015,-0.862263,679
2016,-0.7090264,679
2017,-0.5679046,679
2018,-0.6110614,679
2019,-0.6473251,679
2020,-0.5972787,679
2021,-0.5961931,679
2022,-0.5373199,679
2023,-0.6426153,679
2024,-0.6054456,679
1995,-0.4421505,690
1996,-0.4042335,690
1997,-0.3807783,690
1998,-0.5789962,690
1999,-0.4528367,690
2000,-0.6017258,690
2001,-0.6087981,690
2002,-0.5093157,690
2003,-1.108825,690
2004,-0.9377255,690
2005,-1.020971,690
2006,-0.7642673,690
2007,-0.822206,690
2008,-1.021012,690
2009,-1.018712,690
2010,-0.8460003,690
2011,-0.8386091,690
2012,-1.004749,690
2013,-0.923629,690
2014,-0.8836813,690
2015,-0.9190375,690
2016,-0.9355825,690
2017,-0.7192848,690
2018,-0.7764619,690
2019,-0.6765058,690
2020,-0.6803575,690
2021,-0.5371156,690
2022,-0.4670559,690
2023,-0.5635017,690
2024,-0.3942548,690
1995,-0.7543097,692
1996,-0.6959628,692
1997,-0.5783541,692
1998,-0.7645354,692
1999,-0.5769421,692
2000,-0.8699614,692
2001,-0.7684325,692
2002,-0.9032217,692
2003,-1.15788,692
2004,-1.051075,692
2005,-0.9940301,692
2006,-0.854125,692
2007,-0.7201763,692
2008,-0.8340066,692
2009,-0.8851825,692
2010,-0.7799998,692
2011,-0.7624501,692
2012,-0.7847141,692
2013,-0.7176494,692
2014,-0.6880949,692
2015,-0.7432098,692
2016,-0.7517212,692
2017,-0.595623,692
2018,-0.6224892,692
2019,-0.5262845,692
2020,-0.5964397,692
2021,-0.5617936,692
2022,-0.6604703,692
2023,-0.7070259,692
2024,-0.7022103,692
1995,-0.8376929,694
1996,-0.9115105,694
1997,-0.9030767,694
1998,-0.8132646,694
1999,-0.7873155,694
2000,-1.264573,694
2001,-1.160001,694
2002,-1.162504,694
2003,-1.216523,694
2004,-0.9460638,694
2005,-1.023705,694
2006,-0.895829,694
2007,-0.9331255,694
2008,-1.075424,694
2009,-1.03543,694
2010,-0.9549084,694
2011,-0.9339648,694
2012,-1.011821,694
2013,-0.9336159,694
2014,-0.7933823,694
2015,-0.9058194,694
2016,-0.8577971,694
2017,-0.5665187,694
2018,-0.642674,694
2019,-0.6655063,694
2020,-0.6852832,694
2021,-0.5758097,694
2022,-0.4683709,694
2023,-0.5218224,694
2024,-0.2130566,694
1995,-0.7790494,696
1996,-0.559206,696
1997,-0.6710189,696
1998,-0.7241687,696
1999,-0.5711063,696
2000,-0.5811448,696
2001,-0.6842155,696
2002,-1.084574,696
2003,-1.04369,696
2004,-0.9892625,696
2005,-0.8856289,696
2006,-0.7205441,696
2007,-0.6584789,696
2008,-0.8889506,696
2009,-0.9181982,696
2010,-0.7829484,696
2011,-0.6314943,696
2012,-0.8107059,696
2013,-0.684483,696
2014,-0.745931,696
2015,-0.7441164,696
2016,-0.7539102,696
2017,-0.573207,696
2018,-0.6107968,696
2019,-0.630109,696
2020,-0.683266,696
2021,-0.6012322,696
2022,-0.7147724,696
2023,-0.5681301,696
2024,-0.6112236,696
1995,-0.7488767,698
1996,-0.7528408,698
1997,-0.6965531,698
1998,-0.8054412,698
1999,-0.7676334,698
2000,-1.223979,698
2001,-1.072819,698
2002,-1.172203,698
2003,-1.202068,698
2004,-1.015991,698
2005,-1.079342,698
2006,-0.9749884,698
2007,-1.267588,698
2008,-1.268371,698
2009,-1.160775,698
2010,-1.207057,698
2011,-1.163049,698
2012,-1.040428,698
2013,-1.041178,698
2014,-1.270931,698
2015,-1.199908,698
2016,-1.052884,698
2017,-0.9027489,698
2018,-0.8452309,698
2019,-0.8046229,698
2020,-0.8355131,698
2021,-0.6859579,698
2022,-0.6575658,698
2023,-0.8126287,698
2024,-0.752653,698
1995,-0.7140703,700
1996,-1.119108,700
1997,-0.7256123,700
1998,-0.795202,700
1999,-0.879415,700
2000,-0.5431996,700
2001,-0.8612965,700
2002,-0.6256129,700
2003,-0.7434514,700
2004,-0.6662484,700
2005,-0.751291,700
2006,-0.439473,700
2007,-0.448037,700
2008,-0.5166528,700
2009,-0.6262967,700
2010,-0.6116472,700
2011,-0.5804971,700
2012,-0.6545566,700
2013,-0.7101377,700
2014,-0.7790834,700
2015,-0.7408888,700
2016,-0.8117974,700
2017,-0.7706865,700
2018,-0.7682784,700
2019,-0.4969141,700
2020,-0.5126743,700
2021,-0.5700824,700
2022,-0.2190615,700
2023,-0.4820709,700
2024,-0.4820709,700
1995,-0.2030235,701
1996,-1.158025,701
1997,0.09434252,701
1998,0.1595014,701
1999,0.002366629,701
2000,0.06807584,701
2001,0.002594974,701
2002,0.1117997,701
2003,-0.8675406,701
2004,-1.179702,701
2005,-1.18856,701
2006,-0.7293068,701
2007,-0.8394529,701
2008,-0.676796,701
2009,-0.7742151,701
2010,-0.7332059,701
2011,-0.8050057,701
2012,-0.5738963,701
2013,-0.793452,701
2014,-0.7442392,701
2015,-0.8673451,701
2016,-0.7733531,701
2017,-0.8425346,701
2018,-0.8326981,701
2019,-0.7707797,701
2020,-0.7442272,701
2021,-0.8191609,701
2022,-0.7482902,701
2023,-0.8274875,701
2024,-0.8349629,701
1995,0.7767155,702
1996,0.6814529,702
1997,0.2544289,702
1998,0.1693379,702
1999,0.03690112,702
2000,0.06161676,702
2001,0.06161676,702
2002,0.03547176,702
2003,0.1234308,702
2004,-0.04037659,702
2005,-0.2649995,702
2006,-0.2188896,702
2007,-0.2004796,702
2008,-0.3153676,702
2009,-0.3579793,702
2010,-0.3072417,702
2011,-0.2077705,702
2012,-0.3886092,702
2013,-0.5083662,702
2014,-0.8545048,702
2015,-0.6323503,702
2016,-0.6019253,702
2017,-0.6785352,702
2018,-0.6089436,702
2019,-0.6358829,702
2020,-0.5476952,702
2021,-0.5996913,702
2022,-0.7321273,702
2023,-0.5680034,702
2024,-0.6027805,702
1995,0.05657726,703
1996,0.333413,703
1997,0.3484788,703
1998,0.3815567,703
1999,0.3815567,703
2000,0.08909887,703
2001,0.08909887,703
2002,0.06215551,703
2003,0.05920011,703
2004,-0.1294455,703
2005,-0.1842511,703
2006,-0.2117925,703
2007,-0.3394087,703
2008,-0.2123034,703
2009,-0.278741,703
2010,-0.1549575,703
2011,-0.2179383,703
2012,-0.1628941,703
2013,-0.6022919,703
2014,-0.5101212,703
2015,-0.7464723,703
2016,-0.6052994,703
2017,-0.5680797,703
2018,-0.7643965,703
2019,-0.6978594,703
2020,-0.7061999,703
2021,-0.8103129,703
2022,-0.958496,703
2023,-0.5244855,703
2024,-0.5555494,703
1995,0.9982097,704
1996,0.781164,704
1997,0.5832031,704
1998,0.7508175,704
1999,0.7372486,704
2000,0.4751596,704
2001,0.4751596,704
2002,0.4898172,704
2003,0.4356474,704
2004,0.1650189,704
2005,-0.3107661,704
2006,-0.3315404,704
2007,-0.3615388,704
2008,-0.3331352,704
2009,-0.2142711,704
2010,-0.3716806,704
2011,-0.3805936,704
2012,-0.2440937,704
2013,-0.29261,704
2014,-0.3799643,704
2015,-0.3490718,704
2016,-0.2468427,704
2017,-0.2993566,704
2018,-0.5505801,704
2019,-0.372746,704
2020,-0.7690311,704
2021,-0.7852656,704
2022,-0.8999578,704
2023,-0.7277852,704
2024,-0.7153072,704
1995,0.5653733,705
1996,0.5552151,705
1997,0.3987158,705
1998,0.3509875,705
1999,0.4240268,705
2000,0.3944503,705
2001,0.1979025,705
2002,0.1555638,705
2003,0.128473,705
2004,-0.03111982,705
2005,-0.1611855,705
2006,-0.1650993,705
2007,-0.05838114,705
2008,-0.06338054,705
2009,-0.1621041,705
2010,-0.2291928,705
2011,-0.3320678,705
2012,-0.3547038,705
2013,-0.4797075,705
2014,-0.3733219,705
2015,-0.5430392,705
2016,-0.4210355,705
2017,-0.4969058,705
2018,-0.5024125,705
2019,-0.6299039,705
2020,-0.5016494,705
2021,-0.4793077,705
2022,-0.9286852,705
2023,-0.3635117,705
2024,-0.4481063,705
1995,-1.661364,710
1996,-1.238051,710
1997,-1.228129,710
1998,-0.3907205,710
1999,-0.6115507,710
2000,-0.7129868,710
2001,-0.5308623,710
2002,-0.6348364,710
2003,-0.897639,710
2004,-0.7291462,710
2005,-0.6733208,710
2006,-0.7387265,710
2007,-0.4992732,710
2008,-0.585407,710
2009,-0.5712578,710
2010,-0.8299306,710
2011,-0.5454996,710
2012,-0.8721771,710
2013,-0.578424,710
2014,-0.7847251,710
2015,-0.2419292,710
2016,-0.4806906,710
2017,-0.3137374,710
2018,-0.525959,710
2019,-0.4439024,710
2020,-0.554864,710
2021,-0.379073,710
2022,-1.354232,710
2023,-0.6402098,710
2024,-0.8790958,710
1995,-0.08804893,712
1996,0.00929193,712
1997,-0.04744932,712
1998,-0.1542679,712
1999,-0.2026784,712
2000,-0.220488,712
2001,-0.2749316,712
2002,-0.389266,712
2003,-0.3455979,712
2004,-0.4370459,712
2005,-0.4140253,712
2006,-0.3883967,712
2007,-0.2999763,712
2008,-0.302808,712
2009,-0.3104379,712
2010,-0.2368779,712
2011,-0.2165927,712
2012,-0.2083141,712
2013,-0.3372037,712
2014,-0.4310155,712
2015,-0.4676395,712
2016,-0.5387662,712
2017,-0.4935701,712
2018,-0.5067225,712
2019,-0.523911,712
2020,-0.5831638,712
2021,-0.6025144,712
2022,-0.6966531,712
2023,-0.5172818,712
2024,-0.5830129,712
1995,-1.798205,731
1996,-1.912163,731
1997,-1.970227,731
1998,-1.825866,731
1999,-1.549704,731
2000,-1.293314,731
2001,-1.483277,731
2002,-1.396014,731
2003,-1.235341,731
2004,-1.377301,731
2005,-1.249136,731
2006,-1.012433,731
2007,-1.113094,731
2008,-1.237056,731
2009,-1.406132,731
2010,-1.987126,731
2011,-1.657462,731
2012,-1.979935,731
2013,-2.08241,731
2014,-2.049211,731
2015,-0.4856398,731
2016,-0.6870267,731
2017,-0.2826025,731
2018,-0.6679901,731
2019,-0.2740335,731
2020,-0.2900835,731
2021,-0.3118925,731
2022,-0.9727582,731
2023,-0.4811818,731
2024,-0.9562649,731
1995,0.5260935,732
1996,0.592467,732
1997,0.5842416,732
1998,0.6474794,732
1999,0.5572443,732
2000,0.5955518,732
2001,0.6124269,732
2002,0.7613865,732
2003,0.7172409,732
2004,0.712743,732
2005,0.5190219,732
2006,0.6628981,732
2007,0.5749317,732
2008,0.6185872,732
2009,0.6111777,732
2010,0.6056926,732
2011,0.6324515,732
2012,0.6829105,732
2013,0.65389,732
2014,0.7346856,732
2015,0.7615543,732
2016,0.9606446,732
2017,0.9127921,732
2018,0.8378149,732
2019,0.734114,732
2020,0.7803381,732
2021,0.8983986,732
2022,0.8064495,732
2023,0.8343411,732
2024,0.8480603,732
1995,1.044247,740
1996,1.062759,740
1997,0.9138037,740
1998,0.7103068,740
1999,0.7202823,740
2000,0.7294784,740
2001,0.7762727,740
2002,0.7601465,740
2003,0.7048896,740
2004,0.7542196,740
2005,0.6805232,740
2006,0.8217687,740
2007,0.5729439,740
2008,0.53551,740
2009,0.5875136,740
2010,0.5958904,740
2011,0.6336405,740
2012,0.6098695,740
2013,0.6292684,740
2014,0.8396539,740
2015,0.6803775,740
2016,0.6858126,740
2017,0.6547166,740
2018,0.7497824,740
2019,0.6783194,740
2020,0.6600005,740
2021,0.7204107,740
2022,0.749146,740
2023,0.6944957,740
2024,0.6096589,740
1995,-1.594562,750
1996,-1.677913,750
1997,-1.078334,750
1998,-0.6372748,750
1999,-0.5555911,750
2000,-0.6066803,750
2001,-0.5673483,750
2002,-0.2333829,750
2003,-0.1125257,750
2004,-0.3350862,750
2005,-0.2182402,750
2006,-0.3862153,750
2007,-0.3441911,750
2008,-0.473974,750
2009,-0.4452652,750
2010,-0.5624913,750
2011,-0.5346115,750
2012,-0.612231,750
2013,-0.6207829,750
2014,-0.7737643,750
2015,-0.2120164,750
2016,-0.2851151,750
2017,-0.234344,750
2018,-0.2748351,750
2019,-0.2334145,750
2020,-0.1320881,750
2021,-0.1198748,750
2022,-0.3872273,750
2023,-0.1350694,750
2024,-0.2619623,750
1995,-0.4588811,760
1996,-0.4739138,760
1997,-0.5982481,760
1998,-0.4733158,760
1999,-0.6445657,760
2000,-0.8724501,760
2001,-0.613275,760
2002,-0.484406,760
2003,-0.1948784,760
2004,-0.5363996,760
2005,-0.4314393,760
2006,-0.4435564,760
2007,-0.3358515,760
2008,-0.4597338,760
2009,-0.4841675,760
2010,-0.4256909,760
2011,-0.5300429,760
2012,-0.4400031,760
2013,-0.5899127,760
2014,-0.4758362,760
2015,-0.3963887,760
2016,-0.4616929,760
2017,-0.6012558,760
2018,-0.4593805,760
2019,-0.5176776,760
2020,-0.5075663,760
2021,-0.40121,760
2022,-0.3549271,760
2023,-0.3541398,760
2024,-0.4608258,760
1995,-1.139255,770
1996,-1.032368,770
1997,-0.8636015,770
1998,-0.6400848,770
1999,-0.5393172,770
2000,-0.8449241,770
2001,-0.6811552,770
2002,-0.3891612,770
2003,-0.4203509,770
2004,-0.5660718,770
2005,-0.5638561,770
2006,-0.5546462,770
2007,-0.4629975,770
2008,-0.6337709,770
2009,-0.4922708,770
2010,-0.7441768,770
2011,-0.6845862,770
2012,-0.8095105,770
2013,-0.4473865,770
2014,-0.9159986,770
2015,-0.2071994,770
2016,-0.3389668,770
2017,-0.2602686,770
2018,-0.4250864,770
2019,-0.2003674,770
2020,-0.1816863,770
2021,-0.122148,770
2022,-0.7314316,770
2023,-0.2945825,770
2024,-0.4083516,770
1995,-0.8147267,771
1996,-0.8090644,771
1997,-0.7547785,771
1998,-0.678862,771
1999,-0.7452107,771
2000,-0.7617824,771
2001,-0.5896427,771
2002,-0.7612904,771
2003,-0.9595613,771
2004,-1.033121,771
2005,-0.906922,771
2006,-0.8563908,771
2007,-0.7965578,771
2008,-0.7197078,771
2009,-0.768537,771
2010,-0.9583319,771
2011,-0.9590075,771
2012,-0.6956713,771
2013,-0.83368,771
2014,-0.9606157,771
2015,-0.8662922,771
2016,-0.9268481,771
2017,-0.717533,771
2018,-0.5553701,771
2019,-0.570567,771
2020,-0.6976793,771
2021,-0.645819,771
2022,-0.6327632,771
2023,-0.5507269,771
2024,-0.5630584,771
1995,-1.611748,775
1996,-1.641434,775
1997,-1.585547,775
1998,-0.9720044,775
1999,-1.232634,775
2000,-1.318868,775
2001,-1.321896,775
2002,-1.193131,775
2003,-1.352187,775
2004,-1.18373,775
2005,-1.124082,775
2006,-1.139766,775
2007,-1.141308,775
2008,-1.0961,775
2009,-1.137458,775
2010,-1.435518,775
2011,-1.290498,775
2012,-1.039769,775
2013,-1.230851,775
2014,-1.012111,775
2015,-0.8790608,775
2016,-0.7334279,775
2017,-0.6517738,775
2018,-0.9840664,775
2019,-0.8996851,775
2020,-0.9557524,775
2021,-0.5192103,775
2022,-0.1529983,775
2023,-0.1261923,775
2024,0.02713052,775
1995,-1.129478,780
1996,-0.8777293,780
1997,-0.7773571,780
1998,-0.7264984,780
1999,-0.7628924,780
2000,-0.7775235,780
2001,-0.698522,780
2002,-0.6595892,780
2003,-0.5478986,780
2004,-0.6240679,780
2005,-0.4587667,780
2006,-0.6238384,780
2007,-0.5610243,780
2008,-0.8377706,780
2009,-0.8349031,780
2010,-0.9479118,780
2011,-0.8882785,780
2012,-0.8977394,780
2013,-1.073232,780
2014,-1.139948,780
2015,-0.6481297,780
2016,-0.6474778,780
2017,-0.6429714,780
2018,-0.5044055,780
2019,-0.6053683,780
2020,-0.7149647,780
2021,-0.9786683,780
2022,-0.8291104,780
2023,-0.6762382,780
2024,-0.672402,780
1995,-0.4931198,781
1996,-0.4590372,781
1997,-0.4773737,781
1998,-0.447159,781
1999,-0.3681867,781
2000,-0.5311165,781
2001,-0.4961043,781
2002,-0.4621085,781
2003,-0.7423936,781
2004,-0.6142773,781
2005,-0.7837008,781
2006,-0.4770232,781
2007,-0.6271103,781
2008,-0.4909004,781
2009,-0.3146629,781
2010,-0.3728379,781
2011,-0.280379,781
2012,-0.4519862,781
2013,-0.3708714,781
2014,-0.5339048,781
2015,-0.6645784,781
2016,-0.5919422,781
2017,-0.5225357,781
2018,-0.442993,781
2019,-0.4622913,781
2020,-0.4681084,781
2021,-0.372786,781
2022,-0.3273144,781
2023,-0.5010179,781
2024,-0.3653946,781
1995,-0.348757,790
1996,-0.611233,790
1997,-0.6756283,790
1998,-0.5112801,790
1999,-0.8010353,790
2000,-0.5966421,790
2001,-0.7232392,790
2002,-0.6619487,790
2003,-0.505505,790
2004,-0.6208019,790
2005,-0.4036053,790
2006,-0.3444645,790
2007,-0.4126024,790
2008,-0.436329,790
2009,-0.4875928,790
2010,-0.5345603,790
2011,-0.6700267,790
2012,-0.602278,790
2013,-0.6477758,790
2014,-0.6384965,790
2015,-0.6865099,790
2016,-0.6627424,790
2017,-0.7685706,790
2018,-0.5163028,790
2019,-0.6134117,790
2020,-0.5822843,790
2021,-0.6415874,790
2022,-0.4880512,790
2023,-0.4088288,790
2024,-0.5213559,790
1995,-0.7257581,800
1996,-0.5132666,800
1997,-0.5762505,800
1998,-0.4063218,800
1999,-0.4034935,800
2000,-0.2787234,800
2001,-0.4022403,800
2002,-0.3456157,800
2003,-0.1844433,800
2004,-0.1150677,800
2005,-0.2860133,800
2006,-0.2304952,800
2007,-0.2096278,800
2008,-0.1796985,800
2009,-0.4456414,800
2010,-0.5038022,800
2011,-0.3832572,800
2012,-0.3912716,800
2013,-0.3691759,800
2014,-0.3850641,800
2015,-0.3980365,800
2016,-0.4264946,800
2017,-0.5589786,800
2018,-0.350915,800
2019,-0.5004031,800
2020,-0.3410653,800
2021,-0.3356343,800
2022,-0.4026051,800
2023,-0.3559963,800
2024,-0.3145853,800
1995,-0.01438574,811
1996,-0.1276161,811
1997,-0.1334602,811
1998,-0.1334602,811
1999,-0.9159356,811
2000,-0.7504366,811
2001,-0.7480751,811
2002,-0.7378912,811
2003,-0.6140365,811
2004,-0.5834455,811
2005,-0.659775,811
2006,-0.7746345,811
2007,-0.508209,811
2008,-0.6137876,811
2009,-0.5854844,811
2010,-0.8232176,811
2011,-0.7186827,811
2012,-0.6065809,811
2013,-0.7077914,811
2014,-0.7134814,811
2015,-0.9088087,811
2016,-0.8104416,811
2017,-0.9929649,811
2018,-1.262949,811
2019,-1.197797,811
2020,-1.041613,811
2021,-1.167903,811
2022,-0.564081,811
2023,-0.5314414,811
2024,-0.5811721,811
1995,-1.245455,812
1996,-1.101703,812
1997,-1.216296,812
1998,-1.070518,812
1999,-1.10321,812
2000,-1.099535,812
2001,-1.231274,812
2002,-1.038067,812
2003,-0.6345895,812
2004,-0.7842789,812
2005,-0.6249988,812
2006,-0.7546692,812
2007,-0.7678373,812
2008,-0.8715568,812
2009,-0.8293704,812
2010,-0.8434817,812
2011,-0.8593536,812
2012,-0.774016,812
2013,-0.9164574,812
2014,-1.043211,812
2015,-1.153064,812
2016,-0.9337731,812
2017,-1.097106,812
2018,-1.031146,812
2019,-0.9397203,812
2020,-0.9777182,812
2021,-0.8755026,812
2022,-0.9232802,812
2023,-0.6133844,812
2024,-0.8009142,812
1995,-1.638853,816
1996,-1.375907,816
1997,-1.401703,816
1998,-1.191713,816
1999,-1.367578,816
2000,-1.173163,816
2001,-1.299079,816
2002,-1.282582,816
2003,-1.361737,816
2004,-1.352405,816
2005,-1.289481,816
2006,-1.286787,816
2007,-1.105249,816
2008,-1.116254,816
2009,-1.086591,816
2010,-1.215873,816
2011,-1.052444,816
2012,-1.105954,816
2013,-1.030082,816
2014,-1.026371,816
2015,-1.077853,816
2016,-1.029157,816
2017,-1.029459,816
2018,-0.9249507,816
2019,-0.8376688,816
2020,-0.8210948,816
2021,-0.7138274,816
2022,-0.9279533,816
2023,-0.6280176,816
2024,-0.6487546,816
1995,-0.7002091,820
1996,-0.6952219,820
1997,-0.6329462,820
1998,-0.5727833,820
1999,-0.5982599,820
2000,-0.6577445,820
2001,-0.9005617,820
2002,-0.7908354,820
2003,-0.9415059,820
2004,-0.6960361,820
2005,-1.048116,820
2006,-0.6540391,820
2007,-1.215013,820
2008,-0.7235692,820
2009,-0.9625184,820
2010,-1.116716,820
2011,-0.7323567,820
2012,-0.6574041,820
2013,-0.5335112,820
2014,-0.6865746,820
2015,-0.6937204,820
2016,-0.6791641,820
2017,-0.7126677,820
2018,-0.6677168,820
2019,-0.6732845,820
2020,-0.689873,820
2021,-0.6258181,820
2022,-0.596277,820
2023,-0.6117639,820
2024,-0.6043942,820
1995,-0.2997349,830
1996,-0.4161755,830
1997,-0.4792766,830
1998,-0.1863438,830
1999,-0.2841499,830
2000,-0.1750186,830
2001,-0.253374,830
2002,-0.1569503,830
2003,-0.135256,830
2004,-0.1593073,830
2005,-0.285503,830
2006,-0.2067141,830
2007,-0.2289372,830
2008,-0.2179175,830
2009,-0.3777918,830
2010,-0.4373426,830
2011,-0.6053225,830
2012,-0.3511028,830
2013,-0.608916,830
2014,-0.4164927,830
2015,-0.5807821,830
2016,-0.6164574,830
2017,-0.6576415,830
2018,-0.3239818,830
2019,-0.4252102,830
2020,-0.328833,830
2021,-0.3618012,830
2022,-0.2940779,830
2023,-0.2797969,830
2024,-0.06151197,830
1995,-0.9485051,835
1996,-0.717123,835
1997,-0.879453,835
1998,-0.8326642,835
1999,-0.9224503,835
2000,-0.8211107,835
2001,-0.9597055,835
2002,-0.7959204,835
2003,-1.102044,835
2004,-0.6453206,835
2005,-0.8826391,835
2006,-0.625751,835
2007,-0.7035374,835
2008,-0.520242,835
2009,-0.8426142,835
2010,-0.9621573,835
2011,-0.9494414,835
2012,-0.7256402,835
2013,-0.7791477,835
2014,-0.9466804,835
2015,-0.9419916,835
2016,-0.8995686,835
2017,-0.8255087,835
2018,-0.858104,835
2019,-0.6583109,835
2020,-0.7667451,835
2021,-0.7608243,835
2022,-0.6794787,835
2023,-0.6881556,835
2024,-0.6430411,835
1995,-0.4748421,840
1996,-0.5836762,840
1997,-0.8396982,840
1998,-0.8591386,840
1999,-0.760085,840
2000,-0.4252079,840
2001,-0.3538884,840
2002,-0.4216396,840
2003,-0.404815,840
2004,-0.417757,840
2005,-0.4162339,840
2006,-0.3903376,840
2007,-0.4317256,840
2008,-0.3959331,840
2009,-0.4530212,840
2010,-0.4883283,840
2011,-0.4126292,840
2012,-0.4358061,840
2013,-0.4949587,840
2014,-0.4122563,840
2015,-0.487557,840
2016,-0.6198071,840
2017,-0.8424454,840
2018,-0.3465678,840
2019,-0.439001,840
2020,-0.4424209,840
2021,-0.3361879,840
2022,-0.1965575,840
2023,-0.3405481,840
2024,-0.3286966,840
1995,-1.433545,850
1996,-1.422442,850
1997,-1.173723,850
1998,-0.8699135,850
1999,-0.8276271,850
2000,-0.8580736,850
2001,-0.9324332,850
2002,-0.9507703,850
2003,-0.9050998,850
2004,-1.000494,850
2005,-1.08973,850
2006,-1.102537,850
2007,-1.067296,850
2008,-0.8868617,850
2009,-0.8654922,850
2010,-0.928653,850
2011,-0.7560616,850
2012,-0.7613179,850
2013,-1.013776,850
2014,-0.9869826,850
2015,-0.9279673,850
2016,-1.026705,850
2017,-0.9190971,850
2018,-0.9726643,850
2019,-0.8407304,850
2020,-0.8876408,850
2021,-0.8102023,850
2022,-0.6942232,850
2023,-0.597202,850
2024,-0.5889217,850
1995,-0.214289,860
1996,-0.214289,860
1997,-0.214289,860
1998,-0.214289,860
1999,-0.214289,860
2000,-0.214289,860
2001,-0.214289,860
2002,-0.214289,860
2003,-0.1657872,860
2004,-0.2560973,860
2005,-0.1756563,860
2006,-0.3216862,860
2007,-0.1831856,860
2008,-0.09024568,860
2009,0.10022,860
2010,-0.2314483,860
2011,-0.1794727,860
2012,-0.1320909,860
2013,-0.384589,860
2014,-0.2927553,860
2015,-0.3745503,860
2016,-0.2935053,860
2017,-0.3798104,860
2018,-0.2959005,860
2019,-0.3126832,860
2020,-0.3912786,860
2021,-0.3451292,860
2022,-0.1699156,860
2023,-0.1795333,860
2024,-0.1280707,860
1995,0.6947374,900
1996,0.8112751,900
1997,1.01172,900
1998,0.9958124,900
1999,0.8884553,900
2000,0.8891799,900
2001,0.9994693,900
2002,1.219301,900
2003,1.253879,900
2004,1.353717,900
2005,1.347964,900
2006,1.502646,900
2007,1.426065,900
2008,1.297587,900
2009,1.273,900
2010,1.28239,900
2011,1.208965,900
2012,1.255985,900
2013,1.253616,900
2014,1.329221,900
2015,1.197192,900
2016,1.224858,900
2017,1.193699,900
2018,1.403675,900
2019,1.379909,900
2020,1.333879,900
2021,1.352608,900
2022,1.149766,900
2023,1.068777,900
2024,0.9001207,900
1995,-0.02471294,910
1996,-0.8810462,910
1997,-0.6672526,910
1998,-0.6853558,910
1999,-0.7013859,910
2000,-0.3311255,910
2001,0.04317252,910
2002,0.0825601,910
2003,0.1779761,910
2004,0.1686824,910
2005,0.3831174,910
2006,0.3178396,910
2007,-0.06523847,910
2008,-0.0546906,910
2009,0.05543786,910
2010,-0.0438142,910
2011,-0.02283988,910
2012,0.2257756,910
2013,0.08642217,910
2014,-0.005354799,910
2015,-0.2148189,910
2016,-0.1859178,910
2017,-0.1179817,910
2018,0.1226845,910
2019,0.1128566,910
2020,0.271894,910
2021,-0.04484321,910
2022,0.1316878,910
2023,0.2177499,910
2024,0.3559873,910
1995,0.6895838,920
1996,0.7059485,920
1997,0.8862083,920
1998,0.8903912,920
1999,0.7624519,920
2000,0.7756245,920
2001,0.8395374,920
2002,0.7430931,920
2003,0.7201644,920
2004,0.7577123,920
2005,0.6873602,920
2006,0.6709946,920
2007,0.6007924,920
2008,0.6110617,920
2009,0.8105479,920
2010,0.7883552,920
2011,0.7834679,920
2012,0.6840348,920
2013,0.6573974,920
2014,0.7314735,920
2015,0.6135234,920
2016,0.6267048,920
2017,0.6537209,920
2018,0.704382,920
2019,0.6834074,920
2020,0.7568427,920
2021,0.7119795,920
2022,0.7267777,920
2023,0.6605513,920
2024,0.573075,920
1995,-0.2342279,935
1996,-0.006438992,935
1997,-0.04891648,935
1998,-0.003372589,935
1999,-0.003372589,935
2000,-0.001169892,935
2001,0.2585532,935
2002,0.3496535,935
2003,-0.04056179,935
2004,0.3477262,935
2005,0.297218,935
2006,0.3944969,935
2007,0.3350097,935
2008,0.1233949,935
2009,0.45031,935
2010,-0.2043393,935
2011,0.100048,935
2012,0.1332491,935
2013,0.1905797,935
2014,0.1257919,935
2015,-0.1230859,935
2016,0.03349115,935
2017,-0.07845268,935
2018,0.1271423,935
2019,0.02282458,935
2020,-0.1411124,935
2021,-0.1328359,935
2022,-0.2097013,935
2023,-0.04732863,935
2024,0.07136431,935
1995,0.3155638,940
1996,0.1721278,940
1997,0.2593126,940
1998,-0.02886164,940
1999,0.08583165,940
2000,0.05066018,940
2001,0.05631265,940
2002,0.2828261,940
2003,0.2494098,940
2004,0.2379456,940
2005,0.1156968,940
2006,-0.02142949,940
2007,-0.1614558,940
2008,-0.5651167,940
2009,-0.3981505,940
2010,-0.3303429,940
2011,-0.3248597,940
2012,-0.4416152,940
2013,-0.4817614,940
2014,-0.4250156,940
2015,-0.494115,940
2016,-0.3348017,940
2017,0.06656711,940
2018,0.3315629,940
2019,-0.08862917,940
2020,0.07884328,940
2021,-0.3241769,940
2022,-0.2995007,940
2023,-0.3052732,940
2024,-0.317495,940
1995,-0.01938948,946
1996,-0.01938948,946
1997,-0.01938948,946
1998,-0.01938948,946
1999,-0.01938948,946
2000,-0.01938948,946
2001,0.378775,946
2002,-0.1542823,946
2003,-0.2037076,946
2004,0.4131058,946
2005,0.3420493,946
2006,0.3995029,946
2007,0.7051294,946
2008,0.8398841,946
2009,0.9087805,946
2010,0.9713278,946
2011,0.9216799,946
2012,0.8858582,946
2013,0.3646786,946
2014,-0.1908639,946
2015,-0.3856464,946
2016,-0.228079,946
2017,-0.4400818,946
2018,0.4387149,946
2019,0.01696085,946
2020,-0.07578234,946
2021,-0.2268583,946
2022,-0.0614933,946
2023,0.01061087,946
2024,-0.000579416,946
1995,1.938938,947
1996,1.938938,947
1997,1.938938,947
1998,1.938938,947
1999,1.938938,947
2000,1.938938,947
2001,1.909529,947
2002,0.3724355,947
2003,0.2399674,947
2004,0.1552186,947
2005,0.2405146,947
2006,0.4822164,947
2007,-0.1996228,947
2008,-0.1720223,947
2009,-0.2096775,947
2010,-0.2584266,947
2011,-0.1646684,947
2012,-0.4651406,947
2013,-0.2043668,947
2014,-0.2765657,947
2015,-0.2880206,947
2016,-0.3073145,947
2017,0.08465952,947
2018,0.1220967,947
2019,-0.04029016,947
2020,0.09804924,947
2021,-0.05193198,947
2022,-0.02323701,947
2023,0.05447669,947
2024,0.03236343,947
1995,0.06299487,950
1996,0.1509555,950
1997,-0.4250288,950
1998,-0.4699476,950
1999,-0.6032116,950
2000,-0.1144634,950
2001,-0.1653739,950
2002,0.1609142,950
2003,-0.04210156,950
2004,-0.008304476,950
2005,-0.08383038,950
2006,0.1987621,950
2007,-0.02158889,950
2008,0.203913,950
2009,0.2709974,950
2010,-0.03732794,950
2011,-0.08694037,950
2012,-0.1210753,950
2013,-0.5587166,950
2014,-0.4419762,950
2015,-0.5863117,950
2016,-0.4163049,950
2017,-0.4333204,950
2018,0.1064563,950
2019,-0.1543953,950
2020,-0.04936001,950
2021,-0.2298194,950
2022,-0.1345956,950
2023,0.2903109,950
2024,0.7172096,950
1995,0.4409072,955
1996,0.4409072,955
1997,0.4409072,955
1998,0.4409072,955
1999,0.4409072,955
2000,0.4409072,955
2001,0.2948222,955
2002,0.2652664,955
2003,0.2651495,955
2004,0.299036,955
2005,0.2313918,955
2006,0.3380379,955
2007,0.2404216,955
2008,0.2577078,955
2009,0.2726494,955
2010,0.285059,955
2011,0.2435782,955
2012,0.2783213,955
2013,0.2529241,955
2014,0.1578358,955
2015,0.1079928,955
2016,0.1397951,955
2017,0.08047872,955
2018,0.1423886,955
2019,0.1154616,955
2020,0.1229749,955
2021,0.1403439,955
2022,-0.08161556,955
2023,0.06163531,955
2024,0.08456912,955
1995,0.2926157,970
1996,0.2926157,970
1997,0.2926157,970
1998,0.2926157,970
1999,0.2926157,970
2000,0.2926157,970
2001,0.4489228,970
2002,0.4486686,970
2003,0.5976836,970
2004,0.5094558,970
2005,1.423637,970
2006,0.6351411,970
2007,0.6108049,970
2008,0.8998224,970
2009,2.329426,970
2010,2.284787,970
2011,2.492637,970
2012,0.6795816,970
2013,0.2700251,970
2014,0.5740388,970
2015,0.6718095,970
2016,0.1563353,970
2017,0.3204963,970
2018,0.366419,970
2019,0.2671572,970
2020,0.3938621,970
2021,0.2218508,970
2022,0.4190085,970
2023,0.3466125,970
2024,0.4043811,970
1995,0.6151545,983
1996,0.8662565,983
1997,0.9057948,983
1998,1.272668,983
1999,1.310261,983
2000,1.35836,983
2001,2.336892,983
2002,2.587955,983
2003,1.871635,983
2004,1.151264,983
2005,1.806714,983
2006,1.93812,983
2007,1.681891,983
2008,1.297606,983
2009,1.215669,983
2010,1.216696,983
2011,1.25483,983
2012,1.241694,983
2013,0.9006595,983
2014,0.7798991,983
2015,0.6623222,983
2016,0.7786609,983
2017,0.9021742,983
2018,0.8377761,983
2019,0.9886989,983
2020,0.8665144,983
2021,0.8238633,983
2022,0.9890743,983
2023,0.7199507,983
2024,0.8019425,983
1995,0.9468352,986
1996,0.8894599,986
1997,0.8894599,986
1998,0.8894599,986
1999,0.8894599,986
2000,1.388737,986
2001,0.8270785,986
2002,2.305477,986
2003,2.473725,986
2004,2.649747,986
2005,1.798766,986
2006,1.949287,986
2007,1.785134,986
2008,2.030563,986
2009,1.769076,986
2010,1.950864,986
2011,2.044824,986
2012,1.962917,986
2013,1.621742,986
2014,1.52599,986
2015,1.041597,986
2016,0.8166336,986
2017,0.6864079,986
2018,0.2281643,986
2019,0.135382,986
2020,0.1980722,986
2021,0.3606531,986
2022,0.570553,986
2023,0.4282446,986
2024,0.5653365,986
1995,0.5377894,987
1996,0.8066305,987
1997,1.827884,987
1998,2.044297,987
1999,1.872428,987
2000,1.863299,987
2001,2.05857,987
2002,2.279231,987
2003,2.296196,987
2004,1.755292,987
2005,1.762333,987
2006,1.697341,987
2007,1.65649,987
2008,1.733904,987
2009,1.90166,987
2010,1.780879,987
2011,2.022949,987
2012,1.785061,987
2013,2.021937,987
2014,1.414858,987
2015,1.791729,987
2016,1.543547,987
2017,1.464683,987
2018,1.46499,987
2019,1.313263,987
2020,1.215987,987
2021,1.629706,987
2022,1.259714,987
2023,1.279404,987
2024,1.245286,987
1995,0.2932179,990
1996,0.3278468,990
1997,0.2788994,990
1998,0.1421861,990
1999,0.3100677,990
2000,0.3640336,990
2001,0.3073383,990
2002,0.2716703,990
2003,0.2600881,990
2004,0.299249,990
2005,0.2856045,990
2006,0.2865215,990
2007,0.1597427,990
2008,0.2303251,990
2009,0.2301163,990
2010,0.2589123,990
2011,0.2297228,990
2012,0.2130577,990
2013,0.1569872,990
2014,0.1231538,990
2015,0.01468421,990
2016,-0.1346037,990
2017,-0.09246677,990
2018,0.07454423,990
2019,0.0204227,990
2020,0.007096758,990
2021,-0.03105352,990
2022,0.03299667,990
2023,0.1201214,990
2024,0.1359909,990
